iso3,head_of_state_name,head_of_state_title,head_of_state_party,head_of_state_since,head_of_government_name,head_of_government_title,head_of_government_party,head_of_government_since,head_of_state_photo,head_of_government_photo
CAN,Charles III,King,,2022-09-08,Justin Trudeau,Prime Minister,Liberal Party,2015-11-04,https://upload.wikimedia.org/wikipedia/commons/thumb/a/ac/King_Charles_III_(July_2023).jpg/160px-King_Charles_III_(July_2023).jpg,https://upload.wikimedia.org/wikipedia/commons/thumb/2/22/2025-11-14_InaugurationREM_Deux-Montagnes_Mark_Carney.jpg/160px-2025-11-14_InaugurationREM_Deux-Montagnes_Mark_Carney.jpg
USA,Donald Trump,President,Republican Party,2025-01-20,,,,,https://upload.wikimedia.org/wikipedia/commons/thumb/1/13/Official_Presidential_Portrait_of_President_Donald_J._Trump_(2025)_(cropped)(2).jpg/160px-Official_Presidential_Portrait_of_President_Donald_J._Trump_(2025)_(cropped)(2).jpg,
MEX,Claudia Sheinbaum,President,Morena,2024-10-01,,,,,https://upload.wikimedia.org/wikipedia/commons/thumb/a/aa/Claudia_Sheinbaum_en_su_conferencia_matutina_(cropped).jpg/160px-Claudia_Sheinbaum_en_su_conferencia_matutina_(cropped).jpg,
BLZ,Charles III,King,,2022-09-08,John Briceño,Prime Minister,People's United Party,2020-11-12,https://upload.wikimedia.org/wikipedia/commons/thumb/a/ac/King_Charles_III_(July_2023).jpg/160px-King_Charles_III_(July_2023).jpg,https://upload.wikimedia.org/wikipedia/commons/thumb/0/00/Johnny_Brice%C3%B1o_(52135383761)_(cropped).jpg/160px-Johnny_Brice%C3%B1o_(52135383761)_(cropped).jpg
CRI,Rodrigo Chaves,President,Social Democratic Progress Party,2022-05-08,,,,,https://upload.wikimedia.org/wikipedia/commons/thumb/e/e0/Rodrigo_Chaves_2022-5-16_Foto_by_Julieth_Mendez_(cropped).jpg/160px-Rodrigo_Chaves_2022-5-16_Foto_by_Julieth_Mendez_(cropped).jpg,
SLV,Nayib Bukele,President,Nuevas Ideas,2019-06-01,,,,,https://upload.wikimedia.org/wikipedia/commons/thumb/4/40/Nayib_Bukele_in_the_White_House%2C_2025_(cropped).jpg/160px-Nayib_Bukele_in_the_White_House%2C_2025_(cropped).jpg,
GTM,Bernardo Arévalo,President,Semilla,2024-01-14,,,,,https://upload.wikimedia.org/wikipedia/commons/thumb/a/a0/Bernardo_Ar%C3%A9valo_de_Le%C3%B3n.jpg/160px-Bernardo_Ar%C3%A9valo_de_Le%C3%B3n.jpg,
HND,Xiomara Castro,President,Libre,2022-01-27,,,,,https://upload.wikimedia.org/wikipedia/commons/thumb/d/d6/Secretary_Rubio_Meets_with_Honduran_President-Elect_(55037313932)_(cropped).jpg/160px-Secretary_Rubio_Meets_with_Honduran_President-Elect_(55037313932)_(cropped).jpg,
NIC,Daniel Ortega,President,Sandinista National Liberation Front,2007-01-10,,,,,https://upload.wikimedia.org/wikipedia/commons/thumb/2/2d/Daniel_Ortega_on_July_20%2C_2024.jpg/160px-Daniel_Ortega_on_July_20%2C_2024.jpg,
PAN,José Raúl Mulino,President,Realizing Goals,2024-07-01,,,,,https://upload.wikimedia.org/wikipedia/commons/thumb/a/a8/Jos%C3%A9_Ra%C3%BAl_Mulino_2025.jpg/160px-Jos%C3%A9_Ra%C3%BAl_Mulino_2025.jpg,
ATG,Charles III,King,,2022-09-08,Gaston Browne,Prime Minister,Antigua and Barbuda Labour Party,2014-06-13,https://upload.wikimedia.org/wikipedia/commons/thumb/a/ac/King_Charles_III_(July_2023).jpg/160px-King_Charles_III_(July_2023).jpg,https://upload.wikimedia.org/wikipedia/commons/thumb/f/fe/Gaston_Browne_Coronation_2023.jpg/160px-Gaston_Browne_Coronation_2023.jpg
BHS,Charles III,King,,2022-09-08,Philip Davis,Prime Minister,Progressive Liberal Party,2021-09-17,https://upload.wikimedia.org/wikipedia/commons/thumb/a/ac/King_Charles_III_(July_2023).jpg/160px-King_Charles_III_(July_2023).jpg,https://upload.wikimedia.org/wikipedia/commons/thumb/5/59/Prime_Minister_Philip_Davis_in_2022.jpg/160px-Prime_Minister_Philip_Davis_in_2022.jpg
BRB,Sandra Mason,President,,2021-11-30,Mia Mottley,Prime Minister,Barbados Labour Party,2018-05-25,https://upload.wikimedia.org/wikipedia/commons/thumb/f/f6/Sandra_of_Barbados.jpg/160px-Sandra_of_Barbados.jpg,https://upload.wikimedia.org/wikipedia/commons/thumb/0/0c/06.11.2025_%E2%80%93_Recep%C3%A7%C3%A3o_Oficial_dos_Chefes_de_Delega%C3%A7%C3%A3o_da_C%C3%BApula_do_Clima_(54906293485)_(Mia_Mottley).jpg/160px-06.11.2025_%E2%80%93_Recep%C3%A7%C3%A3o_Oficial_dos_Chefes_de_Delega%C3%A7%C3%A3o_da_C%C3%BApula_do_Clima_(54906293485)_(Mia_Mottley).jpg
CUB,Miguel Díaz-Canel,President,Communist Party of Cuba,2019-10-10,Manuel Marrero Cruz,Prime Minister,Communist Party of Cuba,2019-12-21,https://upload.wikimedia.org/wikipedia/commons/thumb/b/b7/Miguel_Diaz-Canel_on_July_7%2C_2025_(cropped).jpg/160px-Miguel_Diaz-Canel_on_July_7%2C_2025_(cropped).jpg,https://upload.wikimedia.org/wikipedia/commons/thumb/2/2c/Manuel_Marrero_Cruz_before_the_funeral_of_Shinzo_Abe.jpg/160px-Manuel_Marrero_Cruz_before_the_funeral_of_Shinzo_Abe.jpg
DMA,Sylvanie Burton,President,,2023-10-02,Roosevelt Skerrit,Prime Minister,Dominica Labour Party,2004-01-08,https://upload.wikimedia.org/wikipedia/commons/thumb/e/ea/Sylvanie_Burton_(cropped).jpg/160px-Sylvanie_Burton_(cropped).jpg,https://upload.wikimedia.org/wikipedia/commons/thumb/8/89/RooseveltSkerrit.jpg/160px-RooseveltSkerrit.jpg
GRD,Charles III,King,,2022-09-08,Dickon Mitchell,Prime Minister,National Democratic Congress,2022-06-24,https://upload.wikimedia.org/wikipedia/commons/thumb/a/ac/King_Charles_III_(July_2023).jpg/160px-King_Charles_III_(July_2023).jpg,https://upload.wikimedia.org/wikipedia/commons/thumb/d/d9/Prime_Minister_of_Grenada_Mr._Dickon_Mitchell.jpg/160px-Prime_Minister_of_Grenada_Mr._Dickon_Mitchell.jpg
HTI,Edgard Leblanc Fils,President of the Transitional Council,,2024-04-30,Garry Conille,Prime Minister,,2024-06-03,https://upload.wikimedia.org/wikipedia/commons/thumb/a/a9/Transitional_Presidential_Council_installation_(25_April_2024).jpg/160px-Transitional_Presidential_Council_installation_(25_April_2024).jpg,https://upload.wikimedia.org/wikipedia/commons/thumb/e/e9/Alix_Didier_Fils-Aim%C3%A9_-_Premier_ministre.jpg/160px-Alix_Didier_Fils-Aim%C3%A9_-_Premier_ministre.jpg
JAM,Charles III,King,,2022-09-08,Andrew Holness,Prime Minister,Jamaica Labour Party,2016-03-03,https://upload.wikimedia.org/wikipedia/commons/thumb/a/ac/King_Charles_III_(July_2023).jpg/160px-King_Charles_III_(July_2023).jpg,https://upload.wikimedia.org/wikipedia/commons/thumb/4/42/Andrew_Holness_Press_(cropped).jpg/160px-Andrew_Holness_Press_(cropped).jpg
DOM,Luis Abinader,President,Modern Revolutionary Party,2020-08-16,,,,,https://upload.wikimedia.org/wikipedia/commons/thumb/3/30/President_Luis_Abinader_at_the_National_Palace_of_the_Dominican_Republic_in_Santo_Domingo_on_April_25%2C_2024_(cropped).jpg/160px-President_Luis_Abinader_at_the_National_Palace_of_the_Dominican_Republic_in_Santo_Domingo_on_April_25%2C_2024_(cropped).jpg,
KNA,Charles III,King,,2022-09-08,Terrance Drew,Prime Minister,Saint Kitts and Nevis Labour Party,2022-08-06,https://upload.wikimedia.org/wikipedia/commons/thumb/a/ac/King_Charles_III_(July_2023).jpg/160px-King_Charles_III_(July_2023).jpg,https://upload.wikimedia.org/wikipedia/commons/thumb/1/1e/Terrance_Drew_2022.jpg/160px-Terrance_Drew_2022.jpg
VCT,Charles III,King,,2022-09-08,Ralph Gonsalves,Prime Minister,Unity Labour Party,2001-03-29,https://upload.wikimedia.org/wikipedia/commons/thumb/a/ac/King_Charles_III_(July_2023).jpg/160px-King_Charles_III_(July_2023).jpg,https://upload.wikimedia.org/wikipedia/commons/thumb/b/b3/Godwin_Friday_2019.jpg/160px-Godwin_Friday_2019.jpg
LCA,Charles III,King,,2022-09-08,Philip J. Pierre,Prime Minister,Saint Lucia Labour Party,2021-07-28,https://upload.wikimedia.org/wikipedia/commons/thumb/a/ac/King_Charles_III_(July_2023).jpg/160px-King_Charles_III_(July_2023).jpg,https://upload.wikimedia.org/wikipedia/commons/thumb/2/2e/Philip_Pierre_2025_(cropped).jpg/160px-Philip_Pierre_2025_(cropped).jpg
TTO,Christine Kangaloo,President,,2023-03-20,Keith Rowley,Prime Minister,People's National Movement,2015-09-09,https://upload.wikimedia.org/wikipedia/commons/thumb/5/52/The_Hon_Christine_Kangaloo.jpg/160px-The_Hon_Christine_Kangaloo.jpg,https://upload.wikimedia.org/wikipedia/commons/thumb/a/a8/2025_Kamla_Persad-Bissessar_(cropped).jpg/160px-2025_Kamla_Persad-Bissessar_(cropped).jpg
ARG,Javier Milei,President,La Libertad Avanza,2023-12-10,,,,,https://upload.wikimedia.org/wikipedia/commons/thumb/4/4f/Mattarella_Milei_2024_(cropped).jpg/160px-Mattarella_Milei_2024_(cropped).jpg,
BOL,Luis Arce,President,Movement for Socialism,2020-11-08,,,,,https://upload.wikimedia.org/wikipedia/commons/thumb/b/ba/Rodrigo_Paz_enero_2026.jpg/160px-Rodrigo_Paz_enero_2026.jpg,
BRA,Luiz Inácio Lula da Silva,President,Workers' Party,2023-01-01,,,,,https://upload.wikimedia.org/wikipedia/commons/thumb/4/40/Foto_oficial_de_Luiz_In%C3%A1cio_Lula_da_Silva_(estreita).jpg/160px-Foto_oficial_de_Luiz_In%C3%A1cio_Lula_da_Silva_(estreita).jpg,
CHL,Gabriel Boric,President,Social Convergence,2022-03-11,,,,,https://upload.wikimedia.org/wikipedia/commons/thumb/9/91/Presidente_Jos%C3%A9_Antonio_Kast_en_marzo_de_2026.jpg/160px-Presidente_Jos%C3%A9_Antonio_Kast_en_marzo_de_2026.jpg,
COL,Gustavo Petro,President,Colombia Humana,2022-08-07,,,,,https://upload.wikimedia.org/wikipedia/commons/thumb/7/70/Gustavo_Petro_2022.jpg/160px-Gustavo_Petro_2022.jpg,
ECU,Daniel Noboa,President,National Democratic Action,2023-11-23,,,,,https://upload.wikimedia.org/wikipedia/commons/thumb/4/44/Noboa_en_24_mayo_de_2026.jpg/160px-Noboa_en_24_mayo_de_2026.jpg,
GUY,Irfaan Ali,President,People's Progressive Party/Civic,2020-08-02,Mark Phillips,Prime Minister,People's Progressive Party/Civic,2020-08-02,https://upload.wikimedia.org/wikipedia/commons/thumb/5/53/2025_Irfaan_Ali_(cropped).jpg/160px-2025_Irfaan_Ali_(cropped).jpg,https://upload.wikimedia.org/wikipedia/commons/thumb/6/69/PM_Mark_Phillips_(cropped).jpg/160px-PM_Mark_Phillips_(cropped).jpg
PRY,Santiago Peña,President,Colorado Party,2023-08-15,,,,,https://upload.wikimedia.org/wikipedia/commons/thumb/4/41/Con_Santiago_Abascal_recepci%C3%B3n_Paraguay._12%C2%B706%C2%B72025_-_54593076338_(cropped).jpg/160px-Con_Santiago_Abascal_recepci%C3%B3n_Paraguay._12%C2%B706%C2%B72025_-_54593076338_(cropped).jpg,
PER,Dina Boluarte,President,Independent,2022-12-07,Gustavo Adrianzén,Prime Minister,Independent,2024-03-06,https://upload.wikimedia.org/wikipedia/commons/thumb/6/67/Jos%C3%A9_Mar%C3%ADa_Balc%C3%A1zar.jpg/160px-Jos%C3%A9_Mar%C3%ADa_Balc%C3%A1zar.jpg,
SUR,Chan Santokhi,President,Progressive Reform Party,2020-07-16,,,,,https://upload.wikimedia.org/wikipedia/commons/thumb/b/b7/Jennifer_Geerlings-Simons%2C_November_2025.jpg/160px-Jennifer_Geerlings-Simons%2C_November_2025.jpg,
URY,Yamandú Orsi,President,Frente Amplio,2025-03-01,,,,,https://upload.wikimedia.org/wikipedia/commons/thumb/d/d2/Yamand%C3%BA_Orsi.jpg/160px-Yamand%C3%BA_Orsi.jpg,
VEN,Nicolás Maduro,President,United Socialist Party of Venezuela,2013-04-19,,,,,https://upload.wikimedia.org/wikipedia/commons/thumb/5/5b/Delcy_Rodr%C3%ADguez_-_02_(19-01-2026)_(cropped_2).jpg/160px-Delcy_Rodr%C3%ADguez_-_02_(19-01-2026)_(cropped_2).jpg,
ALB,Bajram Begaj,President,,2022-07-24,Edi Rama,Prime Minister,Socialist Party of Albania,2013-09-15,https://upload.wikimedia.org/wikipedia/commons/thumb/e/e9/Prime_Minister_Keir_Starmer_meets_Albania_President_Bajram_Begaj_(54521430145)_(cropped).jpg/160px-Prime_Minister_Keir_Starmer_meets_Albania_President_Bajram_Begaj_(54521430145)_(cropped).jpg,https://upload.wikimedia.org/wikipedia/commons/thumb/d/de/Edi_Rama_(2024-02-29).jpg/160px-Edi_Rama_(2024-02-29).jpg
DEU,Frank-Walter Steinmeier,President,,2022-03-19,Friedrich Merz,Chancellor,Christian Democratic Union of Germany,2025-05-06,https://upload.wikimedia.org/wikipedia/commons/thumb/4/49/Frank-Walter_Steinmeier_in_2025_(cropped).jpg/160px-Frank-Walter_Steinmeier_in_2025_(cropped).jpg,https://upload.wikimedia.org/wikipedia/commons/thumb/a/a9/2025-02-23_Bundestagswahl_%E2%80%93_Wahlabend_CDU_by_Sandro_Halank%E2%80%93070.jpg/160px-2025-02-23_Bundestagswahl_%E2%80%93_Wahlabend_CDU_by_Sandro_Halank%E2%80%93070.jpg
AND,Joan-Enric Vives Sicília & Emmanuel Macron,Co-Princes,,2017-05-14,Xavier Espot Zamora,Head of Government,Democrats for Andorra,2019-05-16,https://upload.wikimedia.org/wikipedia/commons/thumb/3/3c/Emmanuel_Macron_2025_(cropped).jpg/160px-Emmanuel_Macron_2025_(cropped).jpg,https://upload.wikimedia.org/wikipedia/commons/thumb/5/54/Xavier_Espot_Zamora_in_2024_(cropped).jpg/160px-Xavier_Espot_Zamora_in_2024_(cropped).jpg
AUT,Alexander Van der Bellen,President,,2023-01-26,Christian Stocker,Chancellor,Austrian People's Party,2025-03-03,https://upload.wikimedia.org/wikipedia/commons/thumb/4/4b/Alexander_Van_der_Bellen_(13-07-2021)_(cropped).jpg/160px-Alexander_Van_der_Bellen_(13-07-2021)_(cropped).jpg,https://upload.wikimedia.org/wikipedia/commons/thumb/3/3e/Christian_Stocker_EuCo_2026.jpg/160px-Christian_Stocker_EuCo_2026.jpg
BEL,Philippe,King,,2013-07-21,Bart De Wever,Prime Minister,New Flemish Alliance,2025-02-03,https://upload.wikimedia.org/wikipedia/commons/thumb/1/14/Visit_of_King_Philippe_I_of_Belgium_to_Ghent_European_Youth_Capital_on_25_April_2024_-_EU2024BE_240425_Visit_of_His_Majesty_the_King_to_Ghent_European_Youth_Capital_Ghent_JNZT_0078_(53677952391).jpg/160px-Visit_of_King_Philippe_I_of_Belgium_to_Ghent_European_Youth_Capital_on_25_April_2024_-_EU2024BE_240425_Visit_of_His_Majesty_the_King_to_Ghent_European_Youth_Capital_Ghent_JNZT_0078_(53677952391).jpg,https://upload.wikimedia.org/wikipedia/commons/thumb/6/6d/Belgian_Prime_Minister_Bart_De_Wever_(head_%2B_shoulders).jpg/160px-Belgian_Prime_Minister_Bart_De_Wever_(head_%2B_shoulders).jpg
BLR,Aleksandr Lukashenko,President,,1994-07-20,,,,,https://upload.wikimedia.org/wikipedia/commons/thumb/f/fe/%D0%90%D0%BB%D0%B5%D0%BA%D1%81%D0%B0%D0%BD%D0%B4%D1%80_%D0%9B%D1%83%D0%BA%D0%B0%D1%88%D0%B5%D0%BD%D0%BA%D0%BE_(13-04-2023)_(cropped).jpg/160px-%D0%90%D0%BB%D0%B5%D0%BA%D1%81%D0%B0%D0%BD%D0%B4%D1%80_%D0%9B%D1%83%D0%BA%D0%B0%D1%88%D0%B5%D0%BD%D0%BA%D0%BE_(13-04-2023)_(cropped).jpg,https://upload.wikimedia.org/wikipedia/commons/thumb/5/52/Aliaksandr_Tur%C4%8Dyn.png/160px-Aliaksandr_Tur%C4%8Dyn.png
BIH,Željka Cvijanović,Chairwoman of the Presidency,Alliance of Independent Social Democrats,2025-11-16,Borjana Krišto,Chairwoman of the Council of Ministers,Croatian Democratic Union of Bosnia and Herzegovina,2023-01-25,https://upload.wikimedia.org/wikipedia/commons/thumb/4/43/Denis_Be%C4%87irovi%C4%87_-_March_2026.jpg/160px-Denis_Be%C4%87irovi%C4%87_-_March_2026.jpg,https://upload.wikimedia.org/wikipedia/commons/thumb/9/9f/Borjana_Kri%C5%A1to_(2025-06-11).jpg/160px-Borjana_Kri%C5%A1to_(2025-06-11).jpg
BGR,Rumen Radev,President,,2022-01-22,Rosen Zhelyazkov,Prime Minister,GERB,2025-01-16,https://upload.wikimedia.org/wikipedia/commons/thumb/4/4a/President_Iliana_Iotova_(cropped).jpg/160px-President_Iliana_Iotova_(cropped).jpg,https://upload.wikimedia.org/wikipedia/commons/thumb/c/cd/Official_Portrait_of_Rumen_Radev_v2_(2026).jpg/160px-Official_Portrait_of_Rumen_Radev_v2_(2026).jpg
CYP,Nikos Christodoulides,President,,2023-02-28,,,,,https://upload.wikimedia.org/wikipedia/commons/thumb/0/0e/Nikos_CHRISTODOULIDES_(cropped).jpg/160px-Nikos_CHRISTODOULIDES_(cropped).jpg,
HRV,Zoran Milanović,President,,2025-02-18,Andrej Plenković,Prime Minister,Croatian Democratic Union,2016-10-19,https://upload.wikimedia.org/wikipedia/commons/thumb/6/61/Zoran_Milanovi%C4%87_at_Palazzo_del_Quirinale_2021_(11)_(cropped).jpg/160px-Zoran_Milanovi%C4%87_at_Palazzo_del_Quirinale_2021_(11)_(cropped).jpg,https://upload.wikimedia.org/wikipedia/commons/thumb/5/5c/Andrej_Plenkovi%C4%87_(2025-09-02).jpg/160px-Andrej_Plenkovi%C4%87_(2025-09-02).jpg
DNK,Frederik X,King,,2024-01-14,Mette Frederiksen,Prime Minister,Social Democrats,2026-06-03,https://upload.wikimedia.org/wikipedia/commons/thumb/5/5e/King_Frederik_X_in_2025.jpg/160px-King_Frederik_X_in_2025.jpg,https://upload.wikimedia.org/wikipedia/commons/thumb/2/22/Mette_Frederiksen_by_Christian_Ursilva_(2026).jpg/160px-Mette_Frederiksen_by_Christian_Ursilva_(2026).jpg
SVK,Peter Pellegrini,President,,2024-06-15,Robert Fico,Prime Minister,Direction – Social Democracy,2023-10-25,https://upload.wikimedia.org/wikipedia/commons/thumb/d/d9/Peter_Pellegrini%2C_2024_(cropped).jpg/160px-Peter_Pellegrini%2C_2024_(cropped).jpg,https://upload.wikimedia.org/wikipedia/commons/thumb/7/75/Robert_Fico_(54359433078)_(cropped).jpg/160px-Robert_Fico_(54359433078)_(cropped).jpg
SVN,Nataša Pirc Musar,President,,2022-12-23,Janez Janša,Prime Minister,Slovenian Democratic Party,2026-06-04,https://upload.wikimedia.org/wikipedia/commons/thumb/4/46/Nata%C5%A1a_Pirc_Musar_2026.jpg/160px-Nata%C5%A1a_Pirc_Musar_2026.jpg,https://upload.wikimedia.org/wikipedia/commons/thumb/c/c0/1._redna_seja_vlade_Janeza_Jan%C5%A1e_-_premier_Janez_Jan%C5%A1a_(cropped).jpg/160px-1._redna_seja_vlade_Janeza_Jan%C5%A1e_-_premier_Janez_Jan%C5%A1a_(cropped).jpg
ESP,Felipe VI,King,,2014-06-19,Pedro Sánchez,Prime Minister,Spanish Socialist Workers' Party,2018-06-02,https://upload.wikimedia.org/wikipedia/commons/thumb/2/27/Daiga_Mieri%C5%86a_tiekas_ar_Sp%C4%81nijas_karali_-_53814974005_(cropped).jpg/160px-Daiga_Mieri%C5%86a_tiekas_ar_Sp%C4%81nijas_karali_-_53814974005_(cropped).jpg,https://upload.wikimedia.org/wikipedia/commons/thumb/3/3b/Obisk_%C5%A1panskega_predsednika_vlade_v_Sloveniji_(53658605930)_(cropped).jpg/160px-Obisk_%C5%A1panskega_predsednika_vlade_v_Sloveniji_(53658605930)_(cropped).jpg
EST,Alar Karis,President,,2021-10-11,Kristen Michal,Prime Minister,Reform Party,2024-07-23,https://upload.wikimedia.org/wikipedia/commons/thumb/7/71/Alar_Karis_2024.jpg/160px-Alar_Karis_2024.jpg,https://upload.wikimedia.org/wikipedia/commons/thumb/b/b4/Kristen_Michal_in_2024_(cropped).jpg/160px-Kristen_Michal_in_2024_(cropped).jpg
FIN,Alexander Stubb,President,National Coalition Party,2024-03-01,Petteri Orpo,Prime Minister,National Coalition Party,2023-06-20,https://upload.wikimedia.org/wikipedia/commons/thumb/8/85/Alexander_Stubb_in_2024_(cropped).jpg/160px-Alexander_Stubb_in_2024_(cropped).jpg,https://upload.wikimedia.org/wikipedia/commons/thumb/a/a2/Petteri-Orpo-01_(cropped).jpg/160px-Petteri-Orpo-01_(cropped).jpg
FRA,Emmanuel Macron,President,La République En Marche!,2022-05-07,François Bayrou,Prime Minister,Democratic Movement,2024-12-13,https://upload.wikimedia.org/wikipedia/commons/thumb/3/3c/Emmanuel_Macron_2025_(cropped).jpg/160px-Emmanuel_Macron_2025_(cropped).jpg,https://upload.wikimedia.org/wikipedia/commons/thumb/c/c7/S%C3%A9bastien_Lecornu_2024_(2x3_crop).jpg/160px-S%C3%A9bastien_Lecornu_2024_(2x3_crop).jpg
GRC,Konstantinos Tasoulas,President,,2025-03-13,Kyriakos Mitsotakis,Prime Minister,New Democracy,2019-07-08,https://upload.wikimedia.org/wikipedia/commons/thumb/7/78/KonstantinosTasoulas.jpg/160px-KonstantinosTasoulas.jpg,https://upload.wikimedia.org/wikipedia/commons/thumb/1/11/Kyriakos_MITSOTAKIS_at_European_Council_-_March_2025.jpg/160px-Kyriakos_MITSOTAKIS_at_European_Council_-_March_2025.jpg
HUN,Tamás Sulyok,President,,2024-03-05,Péter Magyar,Prime Minister,Tisza Party,2026-05-27,https://upload.wikimedia.org/wikipedia/commons/thumb/b/b5/Sulyok_Tam%C3%A1s_hivatalos_portr%C3%A9ja_(cropped).jpg/160px-Sulyok_Tam%C3%A1s_hivatalos_portr%C3%A9ja_(cropped).jpg,https://upload.wikimedia.org/wikipedia/commons/thumb/2/28/P%C3%A9ter_Magyar_MEP_(2024).jpg/160px-P%C3%A9ter_Magyar_MEP_(2024).jpg
IRL,Michael D. Higgins,President,,2011-11-11,Simon Harris,Taoiseach,Fine Gael,2024-04-09,https://upload.wikimedia.org/wikipedia/commons/thumb/6/6d/Inauguration_of_Catherine_Connolly%2C_11_November_2025_15_(cropped).jpg/160px-Inauguration_of_Catherine_Connolly%2C_11_November_2025_15_(cropped).jpg,https://upload.wikimedia.org/wikipedia/commons/thumb/1/13/2026_Miche%C3%A1l_Martin_-_(cropped).jpg/160px-2026_Miche%C3%A1l_Martin_-_(cropped).jpg
ISL,Halla Tómasdóttir,President,,2024-08-01,Kristrún Frostadóttir,Prime Minister,Social Democratic Alliance,2024-12-21,https://upload.wikimedia.org/wikipedia/commons/thumb/4/42/Halla_T%C3%B3masd%C3%B3ttir_at_Arctic_Circle_2024_cropped.jpg/160px-Halla_T%C3%B3masd%C3%B3ttir_at_Arctic_Circle_2024_cropped.jpg,https://upload.wikimedia.org/wikipedia/commons/thumb/1/1f/Kristr%C3%BAn_Frostad%C3%B3ttir_2021.jpg/160px-Kristr%C3%BAn_Frostad%C3%B3ttir_2021.jpg
ITA,Sergio Mattarella,President,,2022-02-03,Giorgia Meloni,Prime Minister,Brothers of Italy,2022-10-22,https://upload.wikimedia.org/wikipedia/commons/thumb/a/a3/Sergio_Mattarella_Presidente_della_Repubblica_Italiana.jpg/160px-Sergio_Mattarella_Presidente_della_Repubblica_Italiana.jpg,https://upload.wikimedia.org/wikipedia/commons/thumb/9/96/Giorgia_Meloni_Official_2024_(cropped).jpg/160px-Giorgia_Meloni_Official_2024_(cropped).jpg
LVA,Edgars Rinkēvičs,President,,2023-07-08,Evika Siliņa,Prime Minister,New Unity,2023-09-15,https://upload.wikimedia.org/wikipedia/commons/thumb/f/f2/Edgars_Rink%C4%93vi%C4%8Ds_as_president-elect%2C_2023-05-31_(cropped).jpg/160px-Edgars_Rink%C4%93vi%C4%8Ds_as_president-elect%2C_2023-05-31_(cropped).jpg,https://upload.wikimedia.org/wikipedia/commons/thumb/d/d7/Evika_Sili%C5%86a_(2024)_(cropped).jpg/160px-Evika_Sili%C5%86a_(2024)_(cropped).jpg
LIE,Hans-Adam II,Prince,,1989-11-13,Daniel Risch,Prime Minister,Patriotic Union,2021-03-25,https://upload.wikimedia.org/wikipedia/commons/thumb/7/78/Hans-Adam_II_2025_(cropped).jpg/160px-Hans-Adam_II_2025_(cropped).jpg,https://upload.wikimedia.org/wikipedia/commons/thumb/4/48/Risch-Daniel-Portrait-2021-03_(cropped).jpg/160px-Risch-Daniel-Portrait-2021-03_(cropped).jpg
LTU,Gitanas Nausėda,President,,2024-07-12,Gintautas Paluckas,Prime Minister,Social Democratic Party of Lithuania,2024-12-12,https://upload.wikimedia.org/wikipedia/commons/thumb/e/ec/Gitanas_Naus%C4%97da%2C_2025.06.26_(cropped).jpg/160px-Gitanas_Naus%C4%97da%2C_2025.06.26_(cropped).jpg,https://upload.wikimedia.org/wikipedia/commons/thumb/e/ed/Ruginien%C4%97_meeting_Metsola_2026_(cropped).jpg/160px-Ruginien%C4%97_meeting_Metsola_2026_(cropped).jpg
LUX,Henri,Grand Duke,,2000-10-07,Luc Frieden,Prime Minister,Christian Social People's Party,2023-11-17,https://upload.wikimedia.org/wikipedia/commons/thumb/d/d5/Grand_Duke_Guillaume%2C_February_2026_(cropped).jpg/160px-Grand_Duke_Guillaume%2C_February_2026_(cropped).jpg,https://upload.wikimedia.org/wikipedia/commons/thumb/7/73/Luc_Frieden_EP_2025_(cropped).jpg/160px-Luc_Frieden_EP_2025_(cropped).jpg
MLT,Myriam Spiteri Debono,President,,2024-04-04,Robert Abela,Prime Minister,Labour Party,2026-06-04,https://upload.wikimedia.org/wikipedia/commons/thumb/3/3b/Myriam_Spiteri_Debono_on_April_20%2C_2024_(cropped).jpg/160px-Myriam_Spiteri_Debono_on_April_20%2C_2024_(cropped).jpg,https://upload.wikimedia.org/wikipedia/commons/thumb/0/02/Robert_Abela%2C_2025.06.26_(03)_(cropped).jpg/160px-Robert_Abela%2C_2025.06.26_(03)_(cropped).jpg
MDA,Maia Sandu,President,Party of Action and Solidarity,2024-12-24,Dorin Recean,Prime Minister,,2023-02-16,https://upload.wikimedia.org/wikipedia/commons/thumb/e/ee/Maia_Sandu%2C_September_2025.jpg/160px-Maia_Sandu%2C_September_2025.jpg,https://upload.wikimedia.org/wikipedia/commons/thumb/2/26/Alexandru_Munteanu_official_portrait.jpg/160px-Alexandru_Munteanu_official_portrait.jpg
MCO,Albert II,Prince,,2005-04-06,Isabelle Berro-Amadeï,Minister of State,,2025-07-02,https://upload.wikimedia.org/wikipedia/commons/thumb/0/06/Albert_II_-_08.06.2025_-_Encontro_com_Sua_Alteza_o_Pr%C3%ADncipe_de_M%C3%B4naco%2C_Alberto_II_(54574973880).jpg/160px-Albert_II_-_08.06.2025_-_Encontro_com_Sua_Alteza_o_Pr%C3%ADncipe_de_M%C3%B4naco%2C_Alberto_II_(54574973880).jpg,
MNE,Jakov Milatović,President,,2023-05-20,Milojko Spajić,Prime Minister,Europe Now!,2023-10-31,https://upload.wikimedia.org/wikipedia/commons/thumb/a/a8/Jakov_Milatovi%C4%87_in_2024_MGR2967_((cropped).jpg/160px-Jakov_Milatovi%C4%87_in_2024_MGR2967_((cropped).jpg,https://upload.wikimedia.org/wikipedia/commons/thumb/a/ab/Milojko_Spaji%C4%87_at_EU-Montenegro_Intergovernmental_Conference_European_Council_on_26_June_2024_(cropped).jpg/160px-Milojko_Spaji%C4%87_at_EU-Montenegro_Intergovernmental_Conference_European_Council_on_26_June_2024_(cropped).jpg
MKD,Gordana Siljanovska-Davkova,President,,2024-05-12,Hristijan Mickoski,Prime Minister,VMRO-DPMNE,2024-06-23,https://upload.wikimedia.org/wikipedia/commons/thumb/0/0e/Gordana_Siljanovska-Davkova_(2025-05-15).jpg/160px-Gordana_Siljanovska-Davkova_(2025-05-15).jpg,https://upload.wikimedia.org/wikipedia/commons/thumb/5/5b/Hristijan_Mickoski_2024_(cropped).jpg/160px-Hristijan_Mickoski_2024_(cropped).jpg
NOR,Harald V,King,,1991-01-17,Jonas Gahr Støre,Prime Minister,Labour Party,2021-10-14,https://upload.wikimedia.org/wikipedia/commons/thumb/1/1a/REUNI%C3%93N_CON_EL_REY_DE_NORUEGA_HARALD_V_Y_HAAKON_MAGNUS%2C_PR%C3%8DNCIPE_HEREDERO_DE_NORUEGA._OSLO%2C_10_DE_DICIEMBRE_DE_2025._(54976285370)_(cropped).jpg/160px-REUNI%C3%93N_CON_EL_REY_DE_NORUEGA_HARALD_V_Y_HAAKON_MAGNUS%2C_PR%C3%8DNCIPE_HEREDERO_DE_NORUEGA._OSLO%2C_10_DE_DICIEMBRE_DE_2025._(54976285370)_(cropped).jpg,https://upload.wikimedia.org/wikipedia/commons/thumb/a/a5/Prime_Minister_Gahr_Store_in_April_2025.jpg/160px-Prime_Minister_Gahr_Store_in_April_2025.jpg
NLD,Willem-Alexander,King,,2013-04-30,Dick Schoof,Prime Minister,,2024-07-02,https://upload.wikimedia.org/wikipedia/commons/thumb/6/60/Luxembourg%2C_Trounwiessel_2025_chd.lu_(111)_-_Willem_Alexander_(cropped).jpg/160px-Luxembourg%2C_Trounwiessel_2025_chd.lu_(111)_-_Willem_Alexander_(cropped).jpg,https://upload.wikimedia.org/wikipedia/commons/thumb/c/c2/Rob_Jetten%2C_March_2026_-_02.jpg/160px-Rob_Jetten%2C_March_2026_-_02.jpg
POL,Andrzej Duda,President,,2015-08-06,Donald Tusk,Prime Minister,Civic Platform,2023-12-13,https://upload.wikimedia.org/wikipedia/commons/thumb/d/dd/Karol_Nawrocki_(2025)_(cropped).jpg/160px-Karol_Nawrocki_(2025)_(cropped).jpg,https://upload.wikimedia.org/wikipedia/commons/thumb/2/2a/Premier_Donald_Tusk_KPRM.jpg/160px-Premier_Donald_Tusk_KPRM.jpg
PRT,Marcelo Rebelo de Sousa,President,,2021-03-09,Luís Montenegro,Prime Minister,Social Democratic Party,2024-04-02,https://upload.wikimedia.org/wikipedia/commons/thumb/1/1e/Ant%C3%B3nio_Jos%C3%A9_Seguro_2026-04-21.png/160px-Ant%C3%B3nio_Jos%C3%A9_Seguro_2026-04-21.png,https://upload.wikimedia.org/wikipedia/commons/thumb/f/f5/Lu%C3%ADs_Montenegro%2C_2025.06.26_(05)_(cropped).jpg/160px-Lu%C3%ADs_Montenegro%2C_2025.06.26_(05)_(cropped).jpg
GBR,Charles III,King,,2022-09-08,Keir Starmer,Prime Minister,Labour Party,2024-07-05,https://upload.wikimedia.org/wikipedia/commons/thumb/a/ac/King_Charles_III_(July_2023).jpg/160px-King_Charles_III_(July_2023).jpg,https://upload.wikimedia.org/wikipedia/commons/thumb/9/91/Prime_Minister_Keir_Starmer_Portrait_(cropped).jpg/160px-Prime_Minister_Keir_Starmer_Portrait_(cropped).jpg
CZE,Petr Pavel,President,,2023-03-09,Petr Fiala,Prime Minister,Civic Democratic Party,2021-12-17,https://upload.wikimedia.org/wikipedia/commons/thumb/d/d7/Petr_Pavel.jpg/160px-Petr_Pavel.jpg,https://upload.wikimedia.org/wikipedia/commons/thumb/2/2a/Andrej_Babi%C5%A1_2025_(cropped).jpg/160px-Andrej_Babi%C5%A1_2025_(cropped).jpg
ROU,Nicușor Dan,President,,2025-05-26,Ilie Bolojan,Prime Minister,National Liberal Party,2025-06-23,https://upload.wikimedia.org/wikipedia/commons/thumb/a/a7/Nicu%C8%99or_Dan_-_Eastern_Flank_Summit_16_December_2025_(cropped).jpg/160px-Nicu%C8%99or_Dan_-_Eastern_Flank_Summit_16_December_2025_(cropped).jpg,https://upload.wikimedia.org/wikipedia/commons/thumb/c/cd/Ilie_Bolojan_(16_April_2026)_(cropped).jpg/160px-Ilie_Bolojan_(16_April_2026)_(cropped).jpg
SMR,Denise Bronzetti & Italo Righi,Captains Regent,,2026-04-01,,,,,,
SRB,Aleksandar Vučić,President,,2022-05-31,Đuro Macut,Prime Minister,,2025-04-16,https://upload.wikimedia.org/wikipedia/commons/thumb/3/32/Aleksandar_Vu%C4%8Di%C4%87_2024_(cropped).jpg/160px-Aleksandar_Vu%C4%8Di%C4%87_2024_(cropped).jpg,https://upload.wikimedia.org/wikipedia/commons/thumb/4/40/%C4%90uro_Macut_in_2025_(cropped).jpg/160px-%C4%90uro_Macut_in_2025_(cropped).jpg
SWE,Carl XVI Gustaf,King,,1973-09-15,Ulf Kristersson,Prime Minister,Moderate Party,2022-10-18,https://upload.wikimedia.org/wikipedia/commons/thumb/4/42/06.11.2025_%E2%80%93_Recep%C3%A7%C3%A3o_Oficial_dos_Chefes_de_Delega%C3%A7%C3%A3o_da_C%C3%BApula_do_Clima_(54906269035)_(Carlos_XVI_Gustavo).jpg/160px-06.11.2025_%E2%80%93_Recep%C3%A7%C3%A3o_Oficial_dos_Chefes_de_Delega%C3%A7%C3%A3o_da_C%C3%BApula_do_Clima_(54906269035)_(Carlos_XVI_Gustavo).jpg,https://upload.wikimedia.org/wikipedia/commons/thumb/c/ca/Ulf_Kristersson_on_29_June_2023.jpg/160px-Ulf_Kristersson_on_29_June_2023.jpg
CHE,Karin Keller-Sutter,President,Free Democratic Party,2026-01-01,,,,,https://upload.wikimedia.org/wikipedia/commons/thumb/f/fd/Gruppenbild_Bundesrat_2026.jpg/160px-Gruppenbild_Bundesrat_2026.jpg,
UKR,Volodymyr Zelenskyy,President,Servant of the People,2019-05-20,Denys Shmyhal,Prime Minister,,2020-03-04,https://upload.wikimedia.org/wikipedia/commons/thumb/9/9c/Volodymyr_Zelensky_Official_portrait.jpg/160px-Volodymyr_Zelensky_Official_portrait.jpg,https://upload.wikimedia.org/wikipedia/commons/thumb/c/cd/%D0%A1%D0%92%D0%98%D0%A0%D0%98%D0%94%D0%95%D0%9D%D0%9A%D0%9E_%D0%AE%D0%BB%D1%96%D1%8F_%D0%90%D0%BD%D0%B0%D1%82%D0%BE%D0%BB%D1%96%D1%97%D0%B2%D0%BD%D0%B0_(3x4_cropped).jpg/160px-%D0%A1%D0%92%D0%98%D0%A0%D0%98%D0%94%D0%95%D0%9D%D0%9A%D0%9E_%D0%AE%D0%BB%D1%96%D1%8F_%D0%90%D0%BD%D0%B0%D1%82%D0%BE%D0%BB%D1%96%D1%97%D0%B2%D0%BD%D0%B0_(3x4_cropped).jpg
VAT,Leo XIV,Pope,,2025-05-08,,,,,https://upload.wikimedia.org/wikipedia/commons/thumb/8/80/Leo_XIV_(13_October_2025).jpg/160px-Leo_XIV_(13_October_2025).jpg,https://upload.wikimedia.org/wikipedia/commons/thumb/5/54/Sister_Raffaella-Petrini.jpg/160px-Sister_Raffaella-Petrini.jpg
AFG,Hibatullah Akhundzada,Supreme Leader,,2016-05-25,Abdul Kabir,Prime Minister,,2023-05-17,,https://upload.wikimedia.org/wikipedia/commons/thumb/c/c4/Hasan_Akhund.png/160px-Hasan_Akhund.png
SAU,Salman bin Abdulaziz Al Saud,King,,2015-01-23,Mohammed bin Salman Al Saud,Prime Minister,,2022-09-27,https://upload.wikimedia.org/wikipedia/commons/thumb/2/2d/%D8%A7%D9%84%D8%B5%D9%88%D8%B1%D8%A9_%D8%A7%D9%84%D8%B1%D8%B3%D9%85%D9%8A%D8%A9_%D9%84%D8%AE%D8%A7%D8%AF%D9%85_%D8%A7%D9%84%D8%AD%D8%B1%D9%85%D9%8A%D9%86_%D8%A7%D9%84%D8%B4%D8%B1%D9%8A%D9%81%D9%8A%D9%86_%D8%A7%D9%84%D9%85%D9%84%D9%83_%D8%B3%D9%84%D9%85%D8%A7%D9%86_%D8%A8%D9%86_%D8%B9%D8%A8%D8%AF%D8%A7%D9%84%D8%B9%D8%B2%D9%8A%D8%B2_%D8%A2%D9%84_%D8%B3%D8%B9%D9%88%D8%AF.jpg/160px-%D8%A7%D9%84%D8%B5%D9%88%D8%B1%D8%A9_%D8%A7%D9%84%D8%B1%D8%B3%D9%85%D9%8A%D8%A9_%D9%84%D8%AE%D8%A7%D8%AF%D9%85_%D8%A7%D9%84%D8%AD%D8%B1%D9%85%D9%8A%D9%86_%D8%A7%D9%84%D8%B4%D8%B1%D9%8A%D9%81%D9%8A%D9%86_%D8%A7%D9%84%D9%85%D9%84%D9%83_%D8%B3%D9%84%D9%85%D8%A7%D9%86_%D8%A8%D9%86_%D8%B9%D8%A8%D8%AF%D8%A7%D9%84%D8%B9%D8%B2%D9%8A%D8%B2_%D8%A2%D9%84_%D8%B3%D8%B9%D9%88%D8%AF.jpg,
ARM,Vahagn Khachaturyan,President,,2022-03-13,Nikol Pashinyan,Prime Minister,Civil Contract,2018-05-08,https://upload.wikimedia.org/wikipedia/commons/thumb/5/55/President_of_the_Republic_of_Armenia_Vahagn_Khachaturyan_2_(alt-crop).jpg/160px-President_of_the_Republic_of_Armenia_Vahagn_Khachaturyan_2_(alt-crop).jpg,https://upload.wikimedia.org/wikipedia/commons/thumb/4/43/Nikol_Pashinyan_2026-04-01.png/160px-Nikol_Pashinyan_2026-04-01.png
AZE,Ilham Aliyev,President,New Azerbaijan Party,2003-10-31,Ali Asadov,Prime Minister,New Azerbaijan Party,2019-10-08,https://upload.wikimedia.org/wikipedia/commons/thumb/2/2a/Ilham_Aliyev%2C_December_2025_(cropped).jpg/160px-Ilham_Aliyev%2C_December_2025_(cropped).jpg,https://upload.wikimedia.org/wikipedia/commons/thumb/f/f5/%D0%90%D0%BB%D0%B8_%D0%90%D1%81%D0%B0%D0%B4%D0%BE%D0%B2_(25-08-2022).jpg/160px-%D0%90%D0%BB%D0%B8_%D0%90%D1%81%D0%B0%D0%B4%D0%BE%D0%B2_(25-08-2022).jpg
BHR,Hamad bin Isa Al Khalifa,King,,1999-03-06,Salman bin Hamad Al Khalifa,Prime Minister,,2020-11-11,https://upload.wikimedia.org/wikipedia/commons/thumb/a/a0/Hamad_bin_Isa_Al_Khalifa_May_2025.jpg/160px-Hamad_bin_Isa_Al_Khalifa_May_2025.jpg,https://upload.wikimedia.org/wikipedia/commons/thumb/6/6c/Kingdom_of_Bahrain_Crown_Prince_and_Prime_Minister%2C_His_Royal_Highness_Salman_bin_Hamad_Al_Khalifa_(Salman_bin_Hamad_bin_Isa_Al_Khalifa)_participates_in_a_bilateral_exchange_at_the_Pentagon_on_September_14%2C_2023_(cropped).jpg/160px-Kingdom_of_Bahrain_Crown_Prince_and_Prime_Minister%2C_His_Royal_Highness_Salman_bin_Hamad_Al_Khalifa_(Salman_bin_Hamad_bin_Isa_Al_Khalifa)_participates_in_a_bilateral_exchange_at_the_Pentagon_on_September_14%2C_2023_(cropped).jpg
BGD,Mohammed Shahabuddin,President,,2023-04-24,Tarique Rahman,Prime Minister,Bangladesh Nationalist Party,2026-02-16,https://upload.wikimedia.org/wikipedia/commons/thumb/1/10/Mohammed_Shahabuddin_official_portrait.jpg/160px-Mohammed_Shahabuddin_official_portrait.jpg,https://upload.wikimedia.org/wikipedia/commons/thumb/7/77/Muhammad_Yunus_(cropped).jpg/160px-Muhammad_Yunus_(cropped).jpg
BTN,Jigme Khesar Namgyel Wangchuck,King,,2006-12-14,Tshering Tobgay,Prime Minister,People's Democratic Party,2024-01-28,https://upload.wikimedia.org/wikipedia/commons/thumb/4/4d/Prime_Minister_of_Bharat_Shri_Narendra_Damodardas_Modi_with_Jigme_Khesar_Namgyel_Wangchuck_and_Jetsun_Pema_(cropped).jpg/160px-Prime_Minister_of_Bharat_Shri_Narendra_Damodardas_Modi_with_Jigme_Khesar_Namgyel_Wangchuck_and_Jetsun_Pema_(cropped).jpg,https://upload.wikimedia.org/wikipedia/commons/thumb/e/e7/Tshering_Tobgay.jpg/160px-Tshering_Tobgay.jpg
BRN,Hassanal Bolkiah,Sultan,,1967-10-05,,,,,https://upload.wikimedia.org/wikipedia/commons/thumb/6/64/Sultan_Hassanal_Bolkiah_-_53857993945.jpg/160px-Sultan_Hassanal_Bolkiah_-_53857993945.jpg,
KHM,Norodom Sihamoni,King,,2004-10-29,Hun Manet,Prime Minister,Cambodian People's Party,2023-08-22,https://upload.wikimedia.org/wikipedia/commons/thumb/5/59/Ceremonial_Reception_of_the_King_of_Cambodia%2C_Norodom_Sihamoni_on_May_30%2C_2023_(3x4_cropped).jpg/160px-Ceremonial_Reception_of_the_King_of_Cambodia%2C_Norodom_Sihamoni_on_May_30%2C_2023_(3x4_cropped).jpg,https://upload.wikimedia.org/wikipedia/commons/thumb/6/6a/Hun_Manet_in_Australia_on_March_5%2C_2024.jpg/160px-Hun_Manet_in_Australia_on_March_5%2C_2024.jpg
QAT,Tamim bin Hamad Al Thani,Emir,,2013-06-25,Mohammed bin Abdulrahman bin Jassim Al Thani,Prime Minister,,2023-03-07,https://upload.wikimedia.org/wikipedia/commons/thumb/4/49/Emir_of_Qatar_on_February_19%2C_2025_(cropped).jpg/160px-Emir_of_Qatar_on_February_19%2C_2025_(cropped).jpg,https://upload.wikimedia.org/wikipedia/commons/thumb/9/97/Mohammed_bin_Abdulrahman_Al-Thani_of_Qatar_on_25_January_2024_-_2_(cropped).jpg/160px-Mohammed_bin_Abdulrahman_Al-Thani_of_Qatar_on_25_January_2024_-_2_(cropped).jpg
CHN,Xi Jinping,President,Chinese Communist Party,2013-03-14,Li Qiang,Premier,Chinese Communist Party,2023-03-11,https://upload.wikimedia.org/wikipedia/commons/thumb/2/2a/Xi_Jinping_meets_Keir_Starmer_Jan_2026.jpg/160px-Xi_Jinping_meets_Keir_Starmer_Jan_2026.jpg,https://upload.wikimedia.org/wikipedia/commons/thumb/a/a4/Li_Qiang%2C_Premier_of_the_People's_Republic_of_China_on_October_27%2C_2025_(cropped).jpg/160px-Li_Qiang%2C_Premier_of_the_People's_Republic_of_China_on_October_27%2C_2025_(cropped).jpg
PRK,Kim Jong Un,Supreme Leader,Workers' Party of Korea,2011-12-17,Kim Tok Hun,Premier,Workers' Party of Korea,2020-08-13,https://upload.wikimedia.org/wikipedia/commons/thumb/0/06/Kim_Jong-un_and_Vladimir_Putin_(2023-09-13)_12_(cropped).jpg/160px-Kim_Jong-un_and_Vladimir_Putin_(2023-09-13)_12_(cropped).jpg,https://upload.wikimedia.org/wikipedia/commons/thumb/7/7a/Pak_Thae-song_in_Moscow_(cropped).jpg/160px-Pak_Thae-song_in_Moscow_(cropped).jpg
KOR,Yoon Suk Yeol,President,People Power Party,2022-05-10,Han Duck-soo,Prime Minister,,2022-05-21,https://upload.wikimedia.org/wikipedia/commons/thumb/0/01/President_Lee_Jae-myung_2025_(cropped).jpg/160px-President_Lee_Jae-myung_2025_(cropped).jpg,
ARE,Mohamed bin Zayed Al Nahyan,President,,2022-05-14,Mohammed bin Rashid Al Maktoum,Prime Minister,,2006-02-11,https://upload.wikimedia.org/wikipedia/commons/thumb/1/10/Mohamed_bin_Zayed_Al_Nahyan_-_2024_(cropped).jpg/160px-Mohamed_bin_Zayed_Al_Nahyan_-_2024_(cropped).jpg,https://upload.wikimedia.org/wikipedia/commons/thumb/d/d6/Mohammed_bin_Rashid_Al_Maktoum_(15-02-2021).jpg/160px-Mohammed_bin_Rashid_Al_Maktoum_(15-02-2021).jpg
PHL,Ferdinand Marcos Jr.,President,Federal Party of the Philippines,2022-06-30,,,,,https://upload.wikimedia.org/wikipedia/commons/thumb/a/a0/Portrait_of_President_Ferdinand_R._Marcos%2C_Jr_(cropped).jpg/160px-Portrait_of_President_Ferdinand_R._Marcos%2C_Jr_(cropped).jpg,
GEO,Salome Zourabichvili,President,,2018-12-16,Irakli Kobakhidze,Prime Minister,Georgian Dream,2024-02-08,https://upload.wikimedia.org/wikipedia/commons/thumb/d/d7/President_of_Georgia_Salome_Zourabichvili_in_Brussels%2C_2019_(cropped).jpg/160px-President_of_Georgia_Salome_Zourabichvili_in_Brussels%2C_2019_(cropped).jpg,https://upload.wikimedia.org/wikipedia/commons/thumb/0/0e/Irakli_Kobakhidze%2C_Georgian_Prime_Minister%2C_at_the_European_Commission.jpg/160px-Irakli_Kobakhidze%2C_Georgian_Prime_Minister%2C_at_the_European_Commission.jpg
IND,Droupadi Murmu,President,Bharatiya Janata Party,2022-07-25,Narendra Modi,Prime Minister,Bharatiya Janata Party,2014-05-26,https://upload.wikimedia.org/wikipedia/commons/thumb/e/e7/President_of_India_Droupadi_Murmu_official_portrait_(cropped).jpg/160px-President_of_India_Droupadi_Murmu_official_portrait_(cropped).jpg,https://upload.wikimedia.org/wikipedia/commons/thumb/1/1e/Prime_Minister_Of_Bharat_Shri_Narendra_Damodardas_Modi.jpg/160px-Prime_Minister_Of_Bharat_Shri_Narendra_Damodardas_Modi.jpg
IDN,Prabowo Subianto,President,Gerindra Party,2024-10-20,,,,,https://upload.wikimedia.org/wikipedia/commons/thumb/5/55/Prabowo_Subianto_2024_official_portrait.jpg/160px-Prabowo_Subianto_2024_official_portrait.jpg,
IRQ,Abdul Latif Rashid,President,Patriotic Union of Kurdistan,2022-10-13,Mohammed Shia' Al Sudani,Prime Minister,,2022-10-28,https://upload.wikimedia.org/wikipedia/commons/thumb/a/a5/Abdul_Latif_Rashid_2023_(cropped).jpg/160px-Abdul_Latif_Rashid_2023_(cropped).jpg,https://upload.wikimedia.org/wikipedia/commons/thumb/b/ba/Mohammed_Shia'_Al_Sudani%2C_Prime_Minister_of_Iraq%2C_at_the_Pentagon%2C_Virginia_on_15_April_2024_(cropped).jpg/160px-Mohammed_Shia'_Al_Sudani%2C_Prime_Minister_of_Iraq%2C_at_the_Pentagon%2C_Virginia_on_15_April_2024_(cropped).jpg
IRN,Masoud Pezeshkian,President,,2024-07-28,,,,,https://upload.wikimedia.org/wikipedia/commons/thumb/5/5f/Ayatollah_Sayyid_Mojtaba_Khamenei%2C_10_April_2026_(cropped).jpg/160px-Ayatollah_Sayyid_Mojtaba_Khamenei%2C_10_April_2026_(cropped).jpg,https://upload.wikimedia.org/wikipedia/commons/thumb/2/27/Masoud_Pezeshkian_14040616_(cropped).jpg/160px-Masoud_Pezeshkian_14040616_(cropped).jpg
ISR,Isaac Herzog,President,,2021-07-07,Benjamin Netanyahu,Prime Minister,Likud,2022-12-29,https://upload.wikimedia.org/wikipedia/commons/thumb/e/eb/Israeli_President_Isaac_Herzog_in_2024_(cropped).jpg/160px-Israeli_President_Isaac_Herzog_in_2024_(cropped).jpg,https://upload.wikimedia.org/wikipedia/commons/thumb/7/74/Benjamin_Netanyahu%2C_February_2023.jpg/160px-Benjamin_Netanyahu%2C_February_2023.jpg
JPN,Naruhito,Emperor,,2019-05-01,Sanae Takaichi,Prime Minister,Liberal Democratic Party,2025-10-01,https://upload.wikimedia.org/wikipedia/commons/thumb/e/ec/Emperor_Naruhito_20250611_(54582524056%2C_cropped).jpg/160px-Emperor_Naruhito_20250611_(54582524056%2C_cropped).jpg,https://upload.wikimedia.org/wikipedia/commons/thumb/a/ae/Official_portrait_of_Sanae_Takaichi%2C_Prime_Minister_of_Japan_(HD).jpg/160px-Official_portrait_of_Sanae_Takaichi%2C_Prime_Minister_of_Japan_(HD).jpg
JOR,Abdullah II,King,,1999-02-07,Jafar Hassan,Prime Minister,,2024-09-15,https://upload.wikimedia.org/wikipedia/commons/thumb/8/8a/Abdullah_II_portrait_at_10_Downing_Street_February_2026_(cropped).jpg/160px-Abdullah_II_portrait_at_10_Downing_Street_February_2026_(cropped).jpg,https://upload.wikimedia.org/wikipedia/commons/thumb/2/2d/HE_Jafar_Hassan_(cropped).jpg/160px-HE_Jafar_Hassan_(cropped).jpg
KAZ,Kassym-Jomart Tokayev,President,Amanat,2019-03-20,Oljas Bektenov,Prime Minister,Amanat,2024-02-06,https://upload.wikimedia.org/wikipedia/commons/thumb/6/6f/2025_Tokayev_Address_to_the_Nation_(cropped).jpg/160px-2025_Tokayev_Address_to_the_Nation_(cropped).jpg,https://upload.wikimedia.org/wikipedia/commons/thumb/5/5d/%D0%90%D0%BB%D0%B8%D1%85%D0%B0%D0%BD_%D0%A1%D0%BC%D0%B0%D0%B8%D0%BB%D0%BE%D0%B2_(30-03-2022)_(cropped).jpg/160px-%D0%90%D0%BB%D0%B8%D1%85%D0%B0%D0%BD_%D0%A1%D0%BC%D0%B0%D0%B8%D0%BB%D0%BE%D0%B2_(30-03-2022)_(cropped).jpg
KGZ,Sadyr Japarov,President,Ata-Zhurt Kirgistan,2021-01-28,Akylbek Japarov,Chairman of the Cabinet of Ministers,Ata-Zhurt Kirgistan,2021-10-12,https://upload.wikimedia.org/wikipedia/commons/thumb/e/e4/Official_Photo_of_the_President_of_the_Kyrgyz_Republic_H.E._Mr._Sadyr_Zhaparov.jpg/160px-Official_Photo_of_the_President_of_the_Kyrgyz_Republic_H.E._Mr._Sadyr_Zhaparov.jpg,https://upload.wikimedia.org/wikipedia/commons/thumb/b/bd/Adylbek_Kasymaliev_(2024-14-05).jpg/160px-Adylbek_Kasymaliev_(2024-14-05).jpg
KWT,Mishal Al-Ahmad Al-Jaber Al-Sabah,Emir,,2023-12-16,Ahmad Al-Abdullah Al-Sabah,Prime Minister,,2024-04-15,https://upload.wikimedia.org/wikipedia/commons/thumb/0/0b/Emir_of_Kuwait_Sheikh_Mishal_Al-Ahmad_Al-Jaber_Al-Sabah_in_2024.jpg/160px-Emir_of_Kuwait_Sheikh_Mishal_Al-Ahmad_Al-Jaber_Al-Sabah_in_2024.jpg,https://upload.wikimedia.org/wikipedia/commons/thumb/1/19/Evangelos_Venizelos_and_Sabah_Al-Khalid_Al-Sabah_2014.jpg/160px-Evangelos_Venizelos_and_Sabah_Al-Khalid_Al-Sabah_2014.jpg
LAO,Thongloun Sisoulith,President,Lao People's Revolutionary Party,2021-03-22,Sonexay Siphandone,Prime Minister,Lao People's Revolutionary Party,2022-12-30,https://upload.wikimedia.org/wikipedia/commons/thumb/e/e7/Thongloun_Sisoulith_in_Kazan_-_2024_(cropped_2).jpg/160px-Thongloun_Sisoulith_in_Kazan_-_2024_(cropped_2).jpg,https://upload.wikimedia.org/wikipedia/commons/thumb/8/8f/Sonexay_Siphandone_on_January_21%2C_2025.jpg/160px-Sonexay_Siphandone_on_January_21%2C_2025.jpg
LBN,Najib Mikati,Acting President,,2022-10-31,Najib Mikati,Prime Minister,Azm Movement,2021-09-10,https://upload.wikimedia.org/wikipedia/commons/thumb/4/4a/Nikos_Christodoulides_meets_with_Joseph_Aoun_(cropped).jpg/160px-Nikos_Christodoulides_meets_with_Joseph_Aoun_(cropped).jpg,https://upload.wikimedia.org/wikipedia/commons/thumb/0/0b/Nawaf_Salam.jpg/160px-Nawaf_Salam.jpg
MYS,Ibrahim Ismail of Johor,Yang di-Pertuan Agong,,2024-01-31,Anwar Ibrahim,Prime Minister,People's Justice Party,2022-11-24,https://upload.wikimedia.org/wikipedia/commons/thumb/9/9b/King_Ibrahim_of_Malaysia_August_2025.jpg/160px-King_Ibrahim_of_Malaysia_August_2025.jpg,https://upload.wikimedia.org/wikipedia/commons/thumb/9/94/PM_of_Malaysia_Anwar_Ibrahim_meeting_with_PM_of_Japan_Fumio_Kishida_(2024)_(cropped).jpg/160px-PM_of_Malaysia_Anwar_Ibrahim_meeting_with_PM_of_Japan_Fumio_Kishida_(2024)_(cropped).jpg
MDV,Mohamed Muizzu,President,People's National Congress,2023-11-17,,,,,https://upload.wikimedia.org/wikipedia/commons/thumb/f/f9/Dr_Muizzu_in_December_2023.jpg/160px-Dr_Muizzu_in_December_2023.jpg,
MNG,Ukhnaagiin Khürelsükh,President,Mongolian People's Party,2021-06-25,Luvsannamsrain Oyun-Erdene,Prime Minister,Mongolian People's Party,2021-01-27,https://upload.wikimedia.org/wikipedia/commons/thumb/3/39/Ukhnaagiin_Kh%C3%BCrels%C3%BCkh_(Kh%C3%BCrels%C3%BCkh_Ukhnaa)_(%D0%A3%D1%85%D0%BD%D0%B0%D0%B0%D0%B3%D0%B8%D0%B9%D0%BD_%D0%A5%D2%AF%D1%80%D1%8D%D0%BB%D1%81%D2%AF%D1%85)%2C_President_of_Mongolia_on_26_April_2024_(cropped).jpg/160px-Ukhnaagiin_Kh%C3%BCrels%C3%BCkh_(Kh%C3%BCrels%C3%BCkh_Ukhnaa)_(%D0%A3%D1%85%D0%BD%D0%B0%D0%B0%D0%B3%D0%B8%D0%B9%D0%BD_%D0%A5%D2%AF%D1%80%D1%8D%D0%BB%D1%81%D2%AF%D1%85)%2C_President_of_Mongolia_on_26_April_2024_(cropped).jpg,https://upload.wikimedia.org/wikipedia/commons/thumb/9/95/ZAZ0697_(cropped).jpg/160px-ZAZ0697_(cropped).jpg
MMR,Min Aung Hlaing,Acting President,,2024-07-22,Min Aung Hlaing,Prime Minister,,2021-08-01,https://upload.wikimedia.org/wikipedia/commons/thumb/5/53/Myint_Swe_(2018-12-13)_(cropped).jpg/160px-Myint_Swe_(2018-12-13)_(cropped).jpg,https://upload.wikimedia.org/wikipedia/commons/thumb/5/55/President_Min_Aung_Hlaing_2026_(cropped).jpg/160px-President_Min_Aung_Hlaing_2026_(cropped).jpg
NPL,Ram Chandra Poudel,President,Nepali Congress,2023-03-13,KP Sharma Oli,Prime Minister,Communist Party of Nepal (UML),2024-07-15,https://upload.wikimedia.org/wikipedia/commons/thumb/8/8c/President_Ram_Chandra_Poudel%2C_Official_portrait_(January_2024).jpg/160px-President_Ram_Chandra_Poudel%2C_Official_portrait_(January_2024).jpg,https://upload.wikimedia.org/wikipedia/commons/thumb/6/66/Pushpa_Kamal_Dahal_2016.jpg/160px-Pushpa_Kamal_Dahal_2016.jpg
OMN,Haitham bin Tariq,Sultan,,2020-01-11,,,,,https://upload.wikimedia.org/wikipedia/commons/thumb/c/ce/Haitham_bin_Tariq_Al_Said.jpg/160px-Haitham_bin_Tariq_Al_Said.jpg,
PAK,Asif Ali Zardari,President,Pakistan Peoples Party,2024-03-10,Shehbaz Sharif,Prime Minister,Pakistan Muslim League (N),2024-03-04,https://upload.wikimedia.org/wikipedia/commons/thumb/5/50/Asif_Ali_Zardari_-_2024_(cropped_2).jpg/160px-Asif_Ali_Zardari_-_2024_(cropped_2).jpg,https://upload.wikimedia.org/wikipedia/commons/thumb/4/4b/Shehbaz_Sharif_in_2024.jpg/160px-Shehbaz_Sharif_in_2024.jpg
PSE,Mahmoud Abbas,President,Fatah,2005-01-15,Mohammad Mustafa,Prime Minister,,2024-03-14,https://upload.wikimedia.org/wikipedia/commons/thumb/8/80/Mahmoud_Abbas_(2024).jpg/160px-Mahmoud_Abbas_(2024).jpg,https://upload.wikimedia.org/wikipedia/commons/thumb/c/c2/Mohammad_Mustafa_to_the_European_Commission_(01)_(cropped).jpg/160px-Mohammad_Mustafa_to_the_European_Commission_(01)_(cropped).jpg
SGP,Tharman Shanmugaratnam,President,,2023-09-14,Lawrence Wong,Prime Minister,People's Action Party,2024-05-15,https://upload.wikimedia.org/wikipedia/commons/thumb/8/84/Tharman_Shanmugaratnam_Official_photo_2023.tif/160px-Tharman_Shanmugaratnam_Official_photo_2023.tif.png,https://upload.wikimedia.org/wikipedia/commons/thumb/5/50/Lawrence_Wong_20230526.jpg/160px-Lawrence_Wong_20230526.jpg
SYR,Ahmad al-Sharaa,President,Hay'at Tahrir al-Sham,2025-01-29,,,,,https://upload.wikimedia.org/wikipedia/commons/thumb/0/0a/Ahmed_al-Sharaa%2C_President_of_Syria%2C_in_March_2026.jpg/160px-Ahmed_al-Sharaa%2C_President_of_Syria%2C_in_March_2026.jpg,
LKA,Anura Kumara Dissanayake,President,National People's Power,2024-09-23,Harini Amarasuriya,Prime Minister,National People's Power,2024-09-24,https://upload.wikimedia.org/wikipedia/commons/thumb/9/9f/Minister_of_External_Affairs%2C_Govt._of_Bharat%2C_Dr._Subrahmanyam_Jaishankar_with_the_President_of_Sri_Lanka_Mr._Anura_Kumara_Dissanayake_(cropped).jpg/160px-Minister_of_External_Affairs%2C_Govt._of_Bharat%2C_Dr._Subrahmanyam_Jaishankar_with_the_President_of_Sri_Lanka_Mr._Anura_Kumara_Dissanayake_(cropped).jpg,https://upload.wikimedia.org/wikipedia/commons/thumb/b/b4/PM_Harini_(profile).jpg/160px-PM_Harini_(profile).jpg
THA,Maha Vajiralongkorn,King,,2016-10-13,Paetongtarn Shinawatra,Prime Minister,Pheu Thai Party,2024-08-16,https://upload.wikimedia.org/wikipedia/commons/thumb/b/bf/King_Rama_X_official_(crop).png/160px-King_Rama_X_official_(crop).png,https://upload.wikimedia.org/wikipedia/commons/thumb/c/c3/PM_Paetongtarn_of_Thailand_(2024)_(cropped-4).jpg/160px-PM_Paetongtarn_of_Thailand_(2024)_(cropped-4).jpg
TJK,Emomali Rahmon,President,People's Democratic Party,1994-11-16,Kohir Rasulzoda,Prime Minister,People's Democratic Party,2013-11-23,https://upload.wikimedia.org/wikipedia/commons/thumb/3/30/Emomali_Rahmon_on_December_22%2C_2025_(cropped).jpg/160px-Emomali_Rahmon_on_December_22%2C_2025_(cropped).jpg,https://upload.wikimedia.org/wikipedia/commons/thumb/8/88/Kokhir_Rasulzoda.jpg/160px-Kokhir_Rasulzoda.jpg
TLS,José Ramos-Horta,President,National Congress for Timorese Reconstruction,2022-05-20,Xanana Gusmão,Prime Minister,National Congress for Timorese Reconstruction,2023-07-01,https://upload.wikimedia.org/wikipedia/commons/thumb/9/95/2022-05-20_Jos%C3%A9_Ramos-Horta.jpg/160px-2022-05-20_Jos%C3%A9_Ramos-Horta.jpg,https://upload.wikimedia.org/wikipedia/commons/thumb/1/10/Xanana_2011.jpg/160px-Xanana_2011.jpg
TKM,Serdar Berdimuhamedow,President,Democratic Party of Turkmenistan,2022-03-19,,,,,https://upload.wikimedia.org/wikipedia/commons/thumb/4/4a/Serdar_Berdimuhamedov_on_December_20%2C_2025_(cropped).jpg/160px-Serdar_Berdimuhamedov_on_December_20%2C_2025_(cropped).jpg,
TUR,Recep Tayyip Erdoğan,President,Justice and Development Party,2014-08-28,,,,,https://upload.wikimedia.org/wikipedia/commons/thumb/2/2d/Recep_Tayyip_Erdogan_in_Ukraine.jpg/160px-Recep_Tayyip_Erdogan_in_Ukraine.jpg,
UZB,Shavkat Mirziyoyev,President,Uzbekistan Liberal Democratic Party,2016-12-14,Abdulla Aripov,Prime Minister,Uzbekistan Liberal Democratic Party,2016-12-14,https://upload.wikimedia.org/wikipedia/commons/thumb/c/cd/Shavkat_Mirziyoyev_official_portrait_(cropped_2).jpg/160px-Shavkat_Mirziyoyev_official_portrait_(cropped_2).jpg,https://upload.wikimedia.org/wikipedia/commons/thumb/c/ce/Abdulla_Aripov_(2019-05-30).jpg/160px-Abdulla_Aripov_(2019-05-30).jpg
VNM,Lương Cường,President,Communist Party of Vietnam,2024-10-21,Phạm Minh Chính,Prime Minister,Communist Party of Vietnam,2021-04-05,https://upload.wikimedia.org/wikipedia/commons/thumb/b/b8/To_Lam_May_2025.jpg/160px-To_Lam_May_2025.jpg,https://upload.wikimedia.org/wikipedia/commons/thumb/7/78/Pham_Minh_Chinh_2021.jpg/160px-Pham_Minh_Chinh_2021.jpg
YEM,Rashad al-Alimi,Chairman of the Presidential Leadership Council,,2022-04-07,Ahmad Awad bin Mubarak,Prime Minister,,2024-02-05,https://upload.wikimedia.org/wikipedia/commons/thumb/1/1d/Rashad_al-Alimi_-_2022.jpg/160px-Rashad_al-Alimi_-_2022.jpg,
RUS,Vladimir Putin,President,,2012-05-07,Mikhail Mishustin,Prime Minister,,2020-01-16,https://upload.wikimedia.org/wikipedia/commons/thumb/5/51/%D0%92%D0%BB%D0%B0%D0%B4%D0%B8%D0%BC%D0%B8%D1%80_%D0%9F%D1%83%D1%82%D0%B8%D0%BD_(18-06-2023)_(cropped).jpg/160px-%D0%92%D0%BB%D0%B0%D0%B4%D0%B8%D0%BC%D0%B8%D1%80_%D0%9F%D1%83%D1%82%D0%B8%D0%BD_(18-06-2023)_(cropped).jpg,https://upload.wikimedia.org/wikipedia/commons/thumb/9/9f/Mikhail_Mishustin_(2026-02-25).jpg/160px-Mikhail_Mishustin_(2026-02-25).jpg
DZA,Abdelmadjid Tebboune,President,,2019-12-19,Nadir Larbaoui,Prime Minister,,2023-11-11,https://upload.wikimedia.org/wikipedia/commons/thumb/f/fb/Abdelmadjid_Tebboune_(2023)_(cropped).jpg/160px-Abdelmadjid_Tebboune_(2023)_(cropped).jpg,
AGO,João Lourenço,President,People's Movement for the Liberation of Angola,2017-09-26,,,,,https://upload.wikimedia.org/wikipedia/commons/thumb/0/0a/President_of_Angola_Jo%C3%A3o_Louren%C3%A7o_during_a_bilateral_exchange_at_the_Angola_presidential_palace_in_Luanda%2C_Angola%2C_September_27%2C_2023_-_230927-D-PM193-1914_(cropped).jpg/160px-President_of_Angola_Jo%C3%A3o_Louren%C3%A7o_during_a_bilateral_exchange_at_the_Angola_presidential_palace_in_Luanda%2C_Angola%2C_September_27%2C_2023_-_230927-D-PM193-1914_(cropped).jpg,
BEN,Patrice Talon,President,,2016-04-06,,,,,https://upload.wikimedia.org/wikipedia/commons/thumb/7/78/Romuald_Wadagni_March_2026.jpg/160px-Romuald_Wadagni_March_2026.jpg,https://upload.wikimedia.org/wikipedia/commons/thumb/6/6e/Patrice_Talon_at_USAID_HQ_(4)_(cropped).jpg/160px-Patrice_Talon_at_USAID_HQ_(4)_(cropped).jpg
BWA,Duma Boko,President,Umbrella for Democratic Change,2024-11-01,,,,,https://upload.wikimedia.org/wikipedia/commons/thumb/7/72/Duma_Boko_2025_(cropped).jpg/160px-Duma_Boko_2025_(cropped).jpg,
BFA,Ibrahim Traoré,Interim President,,2022-09-30,Appolinaire Joachim Kyélem de Tambèla,Prime Minister,,2022-10-21,https://upload.wikimedia.org/wikipedia/commons/thumb/7/7d/Capitaine_Ibrahim_Traor%C3%A9.jpg/160px-Capitaine_Ibrahim_Traor%C3%A9.jpg,https://upload.wikimedia.org/wikipedia/commons/thumb/6/6a/Apollinaire_Kyelem_de_Tamb%C3%A8la_(cropped).png/160px-Apollinaire_Kyelem_de_Tamb%C3%A8la_(cropped).png
BDI,Évariste Ndayishimiye,President,National Council for the Defense of Democracy – Forces for the Defense of Democracy,2020-06-18,Gervais Ndirakobuca,Prime Minister,National Council for the Defense of Democracy – Forces for the Defense of Democracy,2022-09-07,https://upload.wikimedia.org/wikipedia/commons/thumb/f/f1/%D0%AD%D0%B2%D0%B0%D1%80%D0%B8%D1%81%D1%82_%D0%9D%D0%B4%D0%B0%D0%B9%D0%B8%D1%88%D0%B8%D0%BC%D0%B8%D0%B5_(18-02-2022).jpg/160px-%D0%AD%D0%B2%D0%B0%D1%80%D0%B8%D1%81%D1%82_%D0%9D%D0%B4%D0%B0%D0%B9%D0%B8%D1%88%D0%B8%D0%BC%D0%B8%D0%B5_(18-02-2022).jpg,
CPV,José Maria Neves,President,African Party for the Independence of Cape Verde,2021-11-09,Ulisses Correia e Silva,Prime Minister,Movement for Democracy,2016-04-22,https://upload.wikimedia.org/wikipedia/commons/thumb/4/4d/Jos%C3%A9_Maria_Neves%2C_2023.jpg/160px-Jos%C3%A9_Maria_Neves%2C_2023.jpg,https://upload.wikimedia.org/wikipedia/commons/thumb/2/24/Jos%C3%A9_Ulisses_Correia_e_Silva_2024.jpg/160px-Jos%C3%A9_Ulisses_Correia_e_Silva_2024.jpg
CMR,Paul Biya,President,Cameroon People's Democratic Movement,1982-11-06,Joseph Ngute,Prime Minister,Cameroon People's Democratic Movement,2019-01-04,https://upload.wikimedia.org/wikipedia/commons/thumb/1/1b/Paul_Biya_in_December_14th%2C_2022.jpg/160px-Paul_Biya_in_December_14th%2C_2022.jpg,https://upload.wikimedia.org/wikipedia/commons/thumb/5/5c/BOOK_OF_CONDOLENCE_(52364883717)_(cropped).jpg/160px-BOOK_OF_CONDOLENCE_(52364883717)_(cropped).jpg
TCD,Mahamat Déby,President,Patriotic Salvation Movement,2021-04-20,Allamaye Halina,Prime Minister,,2024-05-23,https://upload.wikimedia.org/wikipedia/commons/thumb/9/94/Mahamat_D%C3%A9by.jpg/160px-Mahamat_D%C3%A9by.jpg,https://upload.wikimedia.org/wikipedia/commons/thumb/3/30/%D0%90%D0%BB%D1%8C%D0%B1%D0%B5%D1%80_%D0%9F%D0%B0%D1%85%D0%B8%D0%BC%D0%B8_%D0%9F%D0%B0%D0%B4%D0%B0%D0%BA%D0%B5_(16-11-2021).jpg/160px-%D0%90%D0%BB%D1%8C%D0%B1%D0%B5%D1%80_%D0%9F%D0%B0%D1%85%D0%B8%D0%BC%D0%B8_%D0%9F%D0%B0%D0%B4%D0%B0%D0%BA%D0%B5_(16-11-2021).jpg
COM,Azali Assoumani,President,Convention for the Renewal of the Comoros,2016-05-26,,,,,https://upload.wikimedia.org/wikipedia/commons/thumb/3/36/Azali_Assoumani_in_New_York_City_on_September_19%2C_2023_-_53199606411_(cropped).jpg/160px-Azali_Assoumani_in_New_York_City_on_September_19%2C_2023_-_53199606411_(cropped).jpg,
CIV,Alassane Ouattara,President,Rally of Houphouëtists for Democracy and Peace,2010-12-04,Robert Beugré Mambé,Prime Minister,Rally of Houphouëtists for Democracy and Peace,2023-10-16,https://upload.wikimedia.org/wikipedia/commons/thumb/1/1e/Alassane_Ouattara_-_2024_(cropped).jpg/160px-Alassane_Ouattara_-_2024_(cropped).jpg,https://upload.wikimedia.org/wikipedia/commons/thumb/7/79/Robert_Beugr%C3%A9_Mamb%C3%A9_2.jpg/160px-Robert_Beugr%C3%A9_Mamb%C3%A9_2.jpg
EGY,Abdel Fattah el-Sisi,President,,2014-06-08,Mostafa Madbouly,Prime Minister,,2018-06-14,https://upload.wikimedia.org/wikipedia/commons/thumb/8/85/AbdelFattah_Elsisi_(cropped).jpg/160px-AbdelFattah_Elsisi_(cropped).jpg,https://upload.wikimedia.org/wikipedia/commons/thumb/4/48/Mostafa_Madbouly_(cropped).jpg/160px-Mostafa_Madbouly_(cropped).jpg
ERI,Isaias Afwerki,President,People's Front for Democracy and Justice,1993-05-24,,,,,https://upload.wikimedia.org/wikipedia/commons/thumb/c/c7/Ambassador_Nura_Abba_Rimi_%26_President_Isaias_Afwerki_of_Eritrea_(cropped).jpg/160px-Ambassador_Nura_Abba_Rimi_%26_President_Isaias_Afwerki_of_Eritrea_(cropped).jpg,
SWZ,Mswati III,King,,1986-04-25,Russell Dlamini,Prime Minister,,2023-11-04,https://upload.wikimedia.org/wikipedia/commons/thumb/5/54/Mswati_III_in_Yokohama_(cropped).jpg/160px-Mswati_III_in_Yokohama_(cropped).jpg,https://upload.wikimedia.org/wikipedia/commons/thumb/b/b4/Russell_Dlamini_official_portrait.jpg/160px-Russell_Dlamini_official_portrait.jpg
ETH,Taye Atske Selassie,President,,2024-10-07,Abiy Ahmed,Prime Minister,Prosperity Party,2018-04-02,https://upload.wikimedia.org/wikipedia/commons/thumb/5/58/Taye_Atske_Selassie_MFA_Portrait.jpg/160px-Taye_Atske_Selassie_MFA_Portrait.jpg,https://upload.wikimedia.org/wikipedia/commons/thumb/6/6a/Abiy_Ahmed_2019.jpg/160px-Abiy_Ahmed_2019.jpg
GAB,Brice Oligui Nguema,Interim President,,2023-08-30,Raymond Ndong Sima,Prime Minister,,2023-09-07,https://upload.wikimedia.org/wikipedia/commons/thumb/7/73/Brice_Oligui_Nguema_on_November_26%2C_2024_(cropped).jpg/160px-Brice_Oligui_Nguema_on_November_26%2C_2024_(cropped).jpg,https://upload.wikimedia.org/wikipedia/commons/thumb/f/f0/Raymond_Ndong_Sima_2024.jpg/160px-Raymond_Ndong_Sima_2024.jpg
GMB,Adama Barrow,President,National People's Party,2017-01-19,,,,,https://upload.wikimedia.org/wikipedia/commons/thumb/7/71/Adama_Barrow_at_the_15th_OIC_Summit.jpg/160px-Adama_Barrow_at_the_15th_OIC_Summit.jpg,
GHA,Mahamudu Bawumia,President,New Patriotic Party,2025-01-07,,,,,https://upload.wikimedia.org/wikipedia/commons/thumb/6/68/John_Mahama_in_Yokohama_(cropped).jpg/160px-John_Mahama_in_Yokohama_(cropped).jpg,https://upload.wikimedia.org/wikipedia/commons/thumb/b/b7/Nana_Akufo_Addo%2C_Jan._2020.jpg/160px-Nana_Akufo_Addo%2C_Jan._2020.jpg
GIN,Mamadi Doumbouya,Interim President,,2021-09-05,Bah Oury,Prime Minister,,2024-02-27,https://upload.wikimedia.org/wikipedia/commons/thumb/a/a9/Mamadi_Doumbouya_2022.jpg/160px-Mamadi_Doumbouya_2022.jpg,https://upload.wikimedia.org/wikipedia/commons/thumb/7/7f/Bah_Oury.jpg/160px-Bah_Oury.jpg
GNB,Umaro Sissoco Embaló,President,Madem G15,2020-02-27,Rui Duarte de Barros,Prime Minister,,2023-12-20,https://upload.wikimedia.org/wikipedia/commons/thumb/4/42/Serifo_Nhamadjo.JPG/160px-Serifo_Nhamadjo.JPG,
GNQ,Teodoro Obiang Nguema Mbasogo,President,Democratic Party of Equatorial Guinea,1979-08-03,Manuel Osuna Nsue Nsua,Prime Minister,Democratic Party of Equatorial Guinea,2025-02-04,https://upload.wikimedia.org/wikipedia/commons/thumb/8/85/2026_Teodoro_Obiang_(cropped).jpg/160px-2026_Teodoro_Obiang_(cropped).jpg,https://upload.wikimedia.org/wikipedia/commons/thumb/5/53/Manuel_Osa_Nsue_Nsua_(cropped).jpg/160px-Manuel_Osa_Nsue_Nsua_(cropped).jpg
KEN,William Ruto,President,United Democratic Alliance,2022-09-13,,,,,https://upload.wikimedia.org/wikipedia/commons/thumb/9/98/William_Ruto_2023_(cropped).jpg/160px-William_Ruto_2023_(cropped).jpg,
LSO,Letsie III,King,,1996-02-07,Sam Matekane,Prime Minister,Revolution for Prosperity,2022-10-28,https://upload.wikimedia.org/wikipedia/commons/thumb/1/1b/Letsie_III.jpg/160px-Letsie_III.jpg,https://upload.wikimedia.org/wikipedia/commons/thumb/1/1b/Sam_Matekane_candidate_(cropped).jpg/160px-Sam_Matekane_candidate_(cropped).jpg
LBR,Joseph Boakai,President,Unity Party,2024-01-22,,,,,https://upload.wikimedia.org/wikipedia/commons/thumb/8/88/Joseph_Boakai_in_Yokohama_(cropped).jpg/160px-Joseph_Boakai_in_Yokohama_(cropped).jpg,
LBY,Mohamed al-Menfi,Chairman of the Presidential Council,,2021-03-15,Abdul Hamid Dbeibeh,Prime Minister,,2021-03-15,https://upload.wikimedia.org/wikipedia/commons/thumb/3/36/Mohamed_al-Menfi_(2023-07-23)_(cropped).jpg/160px-Mohamed_al-Menfi_(2023-07-23)_(cropped).jpg,https://upload.wikimedia.org/wikipedia/commons/thumb/6/64/Visit_of_Abdul_Hamid_Dbeibah%2C_Prime_Minister_of_the_Government_of_National_Unity_of_Libya%2C_to_the_European_Commission_04_(cropped).jpg/160px-Visit_of_Abdul_Hamid_Dbeibah%2C_Prime_Minister_of_the_Government_of_National_Unity_of_Libya%2C_to_the_European_Commission_04_(cropped).jpg
MDG,Andry Rajoelina,President,Young Malagasy Determined,2023-12-16,Christian Ntsay,Prime Minister,,2018-06-06,https://upload.wikimedia.org/wikipedia/commons/thumb/7/75/Michael_Randrianirina_in_February_2026.jpg/160px-Michael_Randrianirina_in_February_2026.jpg,https://upload.wikimedia.org/wikipedia/commons/thumb/1/1e/Zafisambo_ruphin.jpg/160px-Zafisambo_ruphin.jpg
MWI,Lazarus Chakwera,President,Malawi Congress Party,2020-06-28,,,,,https://upload.wikimedia.org/wikipedia/commons/thumb/1/16/Arthur_Peter_Mutharika_2014_(cropped).jpg/160px-Arthur_Peter_Mutharika_2014_(cropped).jpg,https://upload.wikimedia.org/wikipedia/commons/thumb/0/00/Lazarus_Chakwera_2017.jpg/160px-Lazarus_Chakwera_2017.jpg
MLI,Assimi Goïta,Interim President,,2021-05-24,Choguel Kokalla Maïga,Prime Minister,,2021-06-07,https://upload.wikimedia.org/wikipedia/commons/thumb/3/34/Assimi_Go%C3%AFta_in_July_2023.jpg/160px-Assimi_Go%C3%AFta_in_July_2023.jpg,
MAR,Mohammed VI,King,,1999-07-23,Aziz Akhannouch,Prime Minister,National Rally of Independents,2021-10-07,https://upload.wikimedia.org/wikipedia/commons/thumb/3/3f/King_Mohammed_VI_(cropped).jpg/160px-King_Mohammed_VI_(cropped).jpg,https://upload.wikimedia.org/wikipedia/commons/thumb/8/87/Fumio_Kishida_and_Aziz_Akhannouch_before_the_funeral_of_Shinzo_Abe_(1)_(cropped).jpg/160px-Fumio_Kishida_and_Aziz_Akhannouch_before_the_funeral_of_Shinzo_Abe_(1)_(cropped).jpg
MUS,Prithvirajsing Roopun,President,Militant Socialist Movement,2019-12-02,Navin Ramgoolam,Prime Minister,Labour Party,2024-11-13,https://upload.wikimedia.org/wikipedia/commons/thumb/0/04/Dharam_Gokhool_on_March_11%2C_2025_(cropped).jpg/160px-Dharam_Gokhool_on_March_11%2C_2025_(cropped).jpg,https://upload.wikimedia.org/wikipedia/commons/thumb/9/9f/The_Prime_Minister%2C_Shri_Narendra_Modi_meeting_the_Prime_Minister_of_the_Republic_of_Mauritius%2C_Mr._Pravind_Kumar_Jugnauth%2C_in_New_Delhi_on_December_06%2C_2019_(1)_(cropped).jpg/160px-The_Prime_Minister%2C_Shri_Narendra_Modi_meeting_the_Prime_Minister_of_the_Republic_of_Mauritius%2C_Mr._Pravind_Kumar_Jugnauth%2C_in_New_Delhi_on_December_06%2C_2019_(1)_(cropped).jpg
MRT,Mohamed Ould Ghazouani,President,Union for the Republic,2019-08-01,Moctar Ould Diay,Prime Minister,Insaf,2024-08-05,https://upload.wikimedia.org/wikipedia/commons/thumb/8/82/President_Mohamed_Ould_Ghazouani_(2026-03-26)_(cropped).jpg/160px-President_Mohamed_Ould_Ghazouani_(2026-03-26)_(cropped).jpg,https://upload.wikimedia.org/wikipedia/commons/thumb/5/56/Moctar_Ould_Diay%2C_Ouagadougou%2C_4_Feb_2019_(cropped).jpg/160px-Moctar_Ould_Diay%2C_Ouagadougou%2C_4_Feb_2019_(cropped).jpg
MOZ,Daniel Chapo,President,FRELIMO,2025-01-15,Luísa Diogo,Prime Minister,FRELIMO,2025-01-17,https://upload.wikimedia.org/wikipedia/commons/thumb/b/b0/Daniel_Chapo_on_November_24%2C_2025_(cropped).jpg/160px-Daniel_Chapo_on_November_24%2C_2025_(cropped).jpg,
NAM,Nangolo Mbumba,President,SWAPO,2024-02-04,Saara Kuugongelwa,Prime Minister,SWAPO,2015-03-21,https://upload.wikimedia.org/wikipedia/commons/thumb/8/8c/Netumbo_Nandi-Ndaitwah_2025.jpg/160px-Netumbo_Nandi-Ndaitwah_2025.jpg,https://upload.wikimedia.org/wikipedia/commons/thumb/d/d6/Elijah_T._Ngurare_(cropped).jpg/160px-Elijah_T._Ngurare_(cropped).jpg
NER,Abdourahamane Tchiani,President of the National Council for the Safeguard of the Homeland,,2023-07-26,Ali Lamine Zeine,Prime Minister,,2023-08-07,https://upload.wikimedia.org/wikipedia/commons/thumb/0/02/Abdourahamane_Tchiani_in_2025_(cropped).jpg/160px-Abdourahamane_Tchiani_in_2025_(cropped).jpg,https://upload.wikimedia.org/wikipedia/commons/thumb/6/64/Ali_Lamine_Zeine_(2024)_(cropped).jpg/160px-Ali_Lamine_Zeine_(2024)_(cropped).jpg
NGA,Bola Tinubu,President,All Progressives Congress,2023-05-29,,,,,https://upload.wikimedia.org/wikipedia/commons/thumb/7/77/Bola_Tinubu_portrait.jpg/160px-Bola_Tinubu_portrait.jpg,
CAF,Faustin-Archange Touadéra,President,United Hearts Movement,2016-03-30,Félix Moloua,Prime Minister,United Hearts Movement,2022-02-07,https://upload.wikimedia.org/wikipedia/commons/thumb/4/48/Visit_of_Faustin-Archange_Touad%C3%A9ra%2C_President_of_the_Central_African_Republic%2C_to_the_European_Commission_(P067074-430913%2C_cropped).jpg/160px-Visit_of_Faustin-Archange_Touad%C3%A9ra%2C_President_of_the_Central_African_Republic%2C_to_the_European_Commission_(P067074-430913%2C_cropped).jpg,https://upload.wikimedia.org/wikipedia/commons/thumb/b/be/Felix_Moloua.png/160px-Felix_Moloua.png
COG,Denis Sassou Nguesso,President,Congolese Party of Labour,1997-10-25,Anatole Collinet Makosso,Prime Minister,Congolese Party of Labour,2021-05-12,https://upload.wikimedia.org/wikipedia/commons/thumb/9/97/Denis_Sassou_Nguesso_2014.jpg/160px-Denis_Sassou_Nguesso_2014.jpg,https://upload.wikimedia.org/wikipedia/commons/thumb/4/4d/Anatole_Collinet_Makosso_2022_(cropped).jpg/160px-Anatole_Collinet_Makosso_2022_(cropped).jpg
COD,Félix Tshisekedi,President,Union for Democracy and Social Progress,2019-01-24,Judith Suminwa,Prime Minister,Union for Democracy and Social Progress,2024-06-12,https://upload.wikimedia.org/wikipedia/commons/thumb/e/e7/Felix_Tshisekedi%2C_President_of_the_Democratic_Republic_of_the_Congo_(55078564106)_(cropped).jpg/160px-Felix_Tshisekedi%2C_President_of_the_Democratic_Republic_of_the_Congo_(55078564106)_(cropped).jpg,https://upload.wikimedia.org/wikipedia/commons/thumb/b/b5/Sylvestre_Ilunga_Ilunkamba_(cropped).jpg/160px-Sylvestre_Ilunga_Ilunkamba_(cropped).jpg
RWA,Paul Kagame,President,Rwandan Patriotic Front,2000-04-22,Édouard Ngirente,Prime Minister,,2017-08-30,https://upload.wikimedia.org/wikipedia/commons/thumb/8/8f/Paul_Kagame_MSC_2017.jpg/160px-Paul_Kagame_MSC_2017.jpg,
STP,Carlos Vila Nova,President,Independent Democratic Action,2021-10-02,Patrice Trovoada,Prime Minister,Independent Democratic Action,2022-11-11,https://upload.wikimedia.org/wikipedia/commons/thumb/6/6f/WSIS_FORUM_2015_Day_2_-_Carlos_Vila_Nova_(cropped).jpg/160px-WSIS_FORUM_2015_Day_2_-_Carlos_Vila_Nova_(cropped).jpg,https://upload.wikimedia.org/wikipedia/commons/thumb/9/98/Am%C3%A9rico_Ramos_(14-01-2025).jpg/160px-Am%C3%A9rico_Ramos_(14-01-2025).jpg
SEN,Bassirou Diomaye Faye,President,PASTEF,2024-04-02,Ousmane Sonko,Prime Minister,PASTEF,2024-04-03,https://upload.wikimedia.org/wikipedia/commons/thumb/2/24/Bassirou_Diomaye_Faye_in_Yokohama_(cropped).jpg/160px-Bassirou_Diomaye_Faye_in_Yokohama_(cropped).jpg,
SYC,Wavel Ramkalawan,President,Linyon Demokratik Seselwa,2020-10-26,,,,,https://upload.wikimedia.org/wikipedia/commons/thumb/7/77/Patrick_Herminie_-_President_of_Seychelles_(cropped).jpg/160px-Patrick_Herminie_-_President_of_Seychelles_(cropped).jpg,
SLE,Julius Maada Bio,President,Sierra Leone People's Party,2018-04-04,David Moinina Sengeh,Chief Minister,Sierra Leone People's Party,2023-07-10,https://upload.wikimedia.org/wikipedia/commons/thumb/b/b0/Julius_Maada_Bio_-_2023_(cropped).jpg/160px-Julius_Maada_Bio_-_2023_(cropped).jpg,https://upload.wikimedia.org/wikipedia/commons/thumb/a/a3/David_Moinina_Sengeh_in_Boston_in_2013_(cropped).jpg/160px-David_Moinina_Sengeh_in_Boston_in_2013_(cropped).jpg
SOM,Hassan Sheikh Mohamud,President,Union for Peace and Development Party,2022-05-15,Hamza Abdi Barre,Prime Minister,Union for Peace and Development Party,2022-06-25,https://upload.wikimedia.org/wikipedia/commons/thumb/c/c2/Hassan_Sheikh_Mohamud--StateDept_Portrait--_(cropped).jpg/160px-Hassan_Sheikh_Mohamud--StateDept_Portrait--_(cropped).jpg,https://upload.wikimedia.org/wikipedia/commons/thumb/8/84/Mohamed_Hussein_Roble.jpg/160px-Mohamed_Hussein_Roble.jpg
ZAF,Matamela Cyril Ramaphosa,President,African National Congress,2018-02-15,,,,,https://upload.wikimedia.org/wikipedia/commons/thumb/5/58/21.11.2025_%E2%80%93_Presidente_da_Rep%C3%BAblica_da_%C3%81frica_do_Sul%2C_Cyril_Ramaphosa_(54938010569)_(cropped).jpg/160px-21.11.2025_%E2%80%93_Presidente_da_Rep%C3%BAblica_da_%C3%81frica_do_Sul%2C_Cyril_Ramaphosa_(54938010569)_(cropped).jpg,
SDN,Abdel Fattah al-Burhan,Chairman of the Transitional Sovereignty Council,,2019-04-12,Osman Hussein,Acting Prime Minister,,2022-01-19,https://upload.wikimedia.org/wikipedia/commons/thumb/3/37/Abdel_Fattah_al-Burhan_in_April_2025_(cropped).jpg/160px-Abdel_Fattah_al-Burhan_in_April_2025_(cropped).jpg,https://upload.wikimedia.org/wikipedia/commons/thumb/7/72/Mark_Green_and_Abdalla_Hamdok_at_USAID_HQ_(2)_(cropped).jpg/160px-Mark_Green_and_Abdalla_Hamdok_at_USAID_HQ_(2)_(cropped).jpg
SSD,Salva Kiir Mayardit,President,Sudan People's Liberation Movement,2011-07-09,,,,,https://upload.wikimedia.org/wikipedia/commons/thumb/2/27/Salva_Kiir_Mayardit.jpg/160px-Salva_Kiir_Mayardit.jpg,
TZA,Samia Suluhu Hassan,President,Chama Cha Mapinduzi,2021-03-19,Kassim Majaliwa,Prime Minister,Chama Cha Mapinduzi,2015-11-20,https://upload.wikimedia.org/wikipedia/commons/thumb/3/35/International_leaders_sign_joint_statement_at_COP26_(51649202102)_(Suluhu_crop).jpg/160px-International_leaders_sign_joint_statement_at_COP26_(51649202102)_(Suluhu_crop).jpg,
TGO,Faure Gnassingbé,President,Union for the Republic,2005-05-04,Victoire Tomegah Dogbé,Prime Minister,Union for the Republic,2020-09-28,,https://upload.wikimedia.org/wikipedia/commons/thumb/2/2f/President_of_Togo_Faure_Gnassingb%C3%A9_on_November_13%2C_2024_(cropped).jpg/160px-President_of_Togo_Faure_Gnassingb%C3%A9_on_November_13%2C_2024_(cropped).jpg
TUN,Kais Saied,President,,2019-10-23,Kamel Madouri,Prime Minister,,2024-08-07,https://upload.wikimedia.org/wikipedia/commons/thumb/1/14/Kais_Saied_2023.jpg/160px-Kais_Saied_2023.jpg,https://upload.wikimedia.org/wikipedia/commons/thumb/2/24/Sara_Zaafarani_(cropped).jpg/160px-Sara_Zaafarani_(cropped).jpg
UGA,Yoweri Museveni,President,National Resistance Movement,1986-01-29,Robinah Nabbanja,Prime Minister,National Resistance Movement,2021-06-21,https://upload.wikimedia.org/wikipedia/commons/thumb/3/32/Yoweri_Museveni_September_2015.jpg/160px-Yoweri_Museveni_September_2015.jpg,https://upload.wikimedia.org/wikipedia/commons/thumb/5/54/Robinah_Nabbanja.jpg/160px-Robinah_Nabbanja.jpg
DJI,Ismaïl Omar Guelleh,President,People's Rally for Progress,1999-05-08,Abdoulkader Kamil Mohamed,Prime Minister,People's Rally for Progress,2013-04-01,https://upload.wikimedia.org/wikipedia/commons/thumb/6/65/Ismail_Omar_Guelleh_2010.jpg/160px-Ismail_Omar_Guelleh_2010.jpg,https://upload.wikimedia.org/wikipedia/commons/thumb/2/28/Dileita_Mohamed_Dileita_detail_090114-F-3682S-269.jpg/160px-Dileita_Mohamed_Dileita_detail_090114-F-3682S-269.jpg
ZMB,Hakainde Hichilema,President,United Party for National Development,2021-08-24,,,,,https://upload.wikimedia.org/wikipedia/commons/thumb/0/09/Hakainde_Hichilema_in_Japan_on_February_6%2C_2025_(cropped).jpg/160px-Hakainde_Hichilema_in_Japan_on_February_6%2C_2025_(cropped).jpg,https://upload.wikimedia.org/wikipedia/commons/thumb/6/6d/Edgar_Lungu_in_TICAD_VII_(cropped).jpg/160px-Edgar_Lungu_in_TICAD_VII_(cropped).jpg
ZWE,Emmerson Mnangagwa,President,ZANU–PF,2017-11-24,,,,,https://upload.wikimedia.org/wikipedia/commons/thumb/1/18/Emmerson_Mnangagwa_Official_Portrait_(cropped).jpg/160px-Emmerson_Mnangagwa_Official_Portrait_(cropped).jpg,
AUS,Charles III,King,,2022-09-08,Anthony Albanese,Prime Minister,Australian Labor Party,2022-05-23,https://upload.wikimedia.org/wikipedia/commons/thumb/a/ac/King_Charles_III_(July_2023).jpg/160px-King_Charles_III_(July_2023).jpg,https://upload.wikimedia.org/wikipedia/commons/thumb/7/7b/Anthony_Albanese_portrait_(re-crop).jpg/160px-Anthony_Albanese_portrait_(re-crop).jpg
FJI,Naiqama Lalabalavu,President,,2024-11-12,Sitiveni Rabuka,Prime Minister,People's Alliance,2022-12-24,https://upload.wikimedia.org/wikipedia/commons/thumb/7/78/Wiliame_Katonivere_2022.jpg/160px-Wiliame_Katonivere_2022.jpg,https://upload.wikimedia.org/wikipedia/commons/thumb/8/85/2025_Sitiveni_Rabuka_(cropped).jpg/160px-2025_Sitiveni_Rabuka_(cropped).jpg
KIR,Taneti Maamau,President,Tobwaan Kiribati Party,2016-03-11,,,,,https://upload.wikimedia.org/wikipedia/commons/thumb/d/d0/Taneti_Maamau_Feb_2023.jpg/160px-Taneti_Maamau_Feb_2023.jpg,
MHL,Hilda Heine,President,Our Islands,2024-01-03,,,,,https://upload.wikimedia.org/wikipedia/commons/thumb/c/cd/Hilda_Heine_2022.jpg/160px-Hilda_Heine_2022.jpg,
FSM,Wesley Simina,President,,2023-05-11,,,,,https://upload.wikimedia.org/wikipedia/commons/thumb/5/58/Wesley_Simina%2C_Federated_States_of_Micronesia_President%2C_at_the_Department_of_State_in_Washington%2C_D.C._on_March_18%2C_2024_(cropped).jpg/160px-Wesley_Simina%2C_Federated_States_of_Micronesia_President%2C_at_the_Department_of_State_in_Washington%2C_D.C._on_March_18%2C_2024_(cropped).jpg,
NRU,David Adeang,President,,2023-10-30,,,,,https://upload.wikimedia.org/wikipedia/commons/thumb/c/cc/David_Adeang_(cropped).jpg/160px-David_Adeang_(cropped).jpg,
NZL,Charles III,King,,2022-09-08,Christopher Luxon,Prime Minister,New Zealand National Party,2023-11-27,https://upload.wikimedia.org/wikipedia/commons/thumb/a/ac/King_Charles_III_(July_2023).jpg/160px-King_Charles_III_(July_2023).jpg,https://upload.wikimedia.org/wikipedia/commons/thumb/9/9a/Christopher_Luxon_2025_(mid_cropped).jpg/160px-Christopher_Luxon_2025_(mid_cropped).jpg
PLW,Surangel Whipps Jr.,President,,2021-01-21,,,,,https://upload.wikimedia.org/wikipedia/commons/thumb/3/34/Surangel_Whipps_Jr_2026.jpg/160px-Surangel_Whipps_Jr_2026.jpg,
PNG,Charles III,King,,2022-09-08,James Marape,Prime Minister,PANGU Pati,2019-05-30,https://upload.wikimedia.org/wikipedia/commons/thumb/a/ac/King_Charles_III_(July_2023).jpg/160px-King_Charles_III_(July_2023).jpg,https://upload.wikimedia.org/wikipedia/commons/thumb/b/b4/Papua_New_Guinea_Prime_Minister_James_Marape_in_Port_Moresby%2C_Papua_New_Guinea_on_July_27%2C_2023_-_230727-D-TT977-0140_(cropped).jpg/160px-Papua_New_Guinea_Prime_Minister_James_Marape_in_Port_Moresby%2C_Papua_New_Guinea_on_July_27%2C_2023_-_230727-D-TT977-0140_(cropped).jpg
WSM,Tuimalealiʻifano Vaʻaletoʻa Sualauvi II,O le Ao o le Malo,,2017-07-21,Fiamē Naomi Mataʻafa,Prime Minister,Faʻatuatua i le Atua Samoa ua Tasi,2021-05-24,https://upload.wikimedia.org/wikipedia/commons/thumb/d/d7/Va'aleto'a_Sualauvi_II_profile_(cropped).png/160px-Va'aleto'a_Sualauvi_II_profile_(cropped).png,https://upload.wikimedia.org/wikipedia/commons/thumb/7/75/Fiam%C4%93_Naomi_Mata%CA%BBafa_in_2024_(cropped).jpg/160px-Fiam%C4%93_Naomi_Mata%CA%BBafa_in_2024_(cropped).jpg
SLB,Charles III,King,,2022-09-08,Jeremiah Manele,Prime Minister,Ownership Unity and Responsibility Party,2024-05-02,https://upload.wikimedia.org/wikipedia/commons/thumb/a/ac/King_Charles_III_(July_2023).jpg/160px-King_Charles_III_(July_2023).jpg,https://upload.wikimedia.org/wikipedia/commons/thumb/c/c0/Jeremiah_Manele_January_2026.jpg/160px-Jeremiah_Manele_January_2026.jpg
TON,Tupou VI,King,,2012-03-18,Siaosi Sovaleni,Prime Minister,,2021-12-27,https://upload.wikimedia.org/wikipedia/commons/thumb/7/77/Tupou_VI_2025.jpg/160px-Tupou_VI_2025.jpg,https://upload.wikimedia.org/wikipedia/commons/thumb/0/00/Fatafehi_Fakaf%C4%81nua_January_2026.jpg/160px-Fatafehi_Fakaf%C4%81nua_January_2026.jpg
TUV,Charles III,King,,2022-09-08,Feleti Teo,Prime Minister,,2024-02-28,https://upload.wikimedia.org/wikipedia/commons/thumb/a/ac/King_Charles_III_(July_2023).jpg/160px-King_Charles_III_(July_2023).jpg,https://upload.wikimedia.org/wikipedia/commons/thumb/2/22/Feleti_Teo_2024.jpg/160px-Feleti_Teo_2024.jpg
VUT,Nikentnike Vurobaravu,President,Vanua'aku Pati,2022-07-23,Charlot Salwai,Prime Minister,Reunification Movement for Change,2023-10-06,https://upload.wikimedia.org/wikipedia/commons/thumb/e/ed/Vurobaravu_ceremony_(cropped).png/160px-Vurobaravu_ceremony_(cropped).png,https://upload.wikimedia.org/wikipedia/commons/thumb/8/8c/Bob_Loughman_2022.jpg/160px-Bob_Loughman_2022.jpg
